"Median.Age","Unemployment.Rate","Violent.Crimes.Per.1000","High.School.Or.Higher.Pct","Bachelors.Or.Higher.Pct","Without.Health.Insurance.Pct","Income.Per.Capita","Median.Household.Income","Poverty.Rate","Land.Area","Population.Density","Female.Pct","White.Pct","Black.Pct","Asian.Pct","Mixed.Race.Pct","Hispanic.Pct","Foreign.Born.Pct","County","Population","Crude.Rate","Gun.Law.Rank.2010","Federal.Govt.Expenditure.Per.Person","Non.Violent.Crimes.Per.1000","Voter.Group.2008"
41.1,8.9,1.67887416673525,87.5,26.6,18.3,26197,48637,13.3,1589.78,114.6,51.1,85.7,9.4,0.7,1.5,4.4,3,"Baldwin County, AL",182265,15.91,24,6.46522371272598,38.427564260829,"Republican"
37.3,7.3,4.65038484398661,87.9,37.9,14.7,29588,57327,10.3,801.59,417.7,50.9,68.2,24,2.5,2.5,4.6,4.8,"Madison County, AL",334811,17.62,24,29.2757197344173,85.8096060165287,"Swing"
36.6,10.2,4.62962962962963,82.1,19.7,15.2,21274,39828,18.7,1229.44,335.9,52,60.2,34.6,1.8,1.5,2.4,3,"Mobile County, AL",412992,17.68,24,9.5259399697815,94.7718115605145,"Swing"
34.9,9.3,4.15498576492285,84.3,30.5,12.5,25102,41084,19.9,784.25,292.5,52.4,39.5,54.7,2.1,1.3,3.6,2.9,"Montgomery County, AL",229363,15.7,24,21.4101140986122,117.586533137428,"Swing"
37.1,9.4,8.18417351845046,86.1,28.1,12,26256,43312,16.5,1111.28,592.5,52.6,53,42,1.4,1.1,3.9,3.8,"Jefferson County, AL",658466,19.44,24,11.3124747519234,122.976736839867,"Swing"
31.2,8.3,4.37695216176229,83.9,26.9,15.7,22489,41842,19.9,1321.76,147.3,51.5,66.3,29.6,1.2,1.1,3.1,3,"Tuscaloosa County, AL",194656,15.93,24,8.35554002959066,90.8577182311359,"Swing"
36.9,7,1.37888612656022,91.5,39.9,12.4,33607,65408,6.9,784.93,248.5,51,83,10.6,1.9,1.4,5.9,4.5,"Shelby County, AL",195085,14.35,24,4.70794269164723,39.2239280313709,"Republican"
34.3,6.4,2.09181391440279,83.2,24.9,21.7,24647,49226,13.1,847.36,261.2,50.7,82.6,1.3,2.9,2.7,15.5,9.3,"Benton County, AR",221339,10.84,44,4.32389230998604,38.1586616005313,"Republican"
44.4,8.1,6.68582854286428,85,19.6,21.8,22318,37427,14.7,677.78,141.7,51.5,86.4,7.9,0.7,2.3,4.8,3.9,"Garland County, AR",96024,20.83,44,10.5974027326502,134.070649004416,"Republican"
36,7,10.3880359923501,88.3,31,17.1,26975,42107,16.7,759.76,503.8,51.9,57.5,35,2,2.1,5.8,4.6,"Pulaski County, AR",382748,16.98,44,17.0287290854557,138.587268908002,"Swing"
39.7,8.4,5.09341738614042,83.6,21.6,19.9,22419,43786,16.2,6165.69,21.3,49,78.5,4.2,1.9,4,32.4,12.3,"Cochise County, AZ",131346,25.12,50,23.5317405935468,56.9488221948137,"Swing"
34.6,9.1,4.90763054944347,84.3,28,21.5,27185,53284,15.1,9200.14,414.9,50.5,73,5,3.5,3.5,29.6,16.8,"Maricopa County, AZ",3817117,13.02,50,8.2581880513487,90.2293537242898,"Swing"
47.6,11.2,3.58166904778556,82.4,12.1,19.2,21321,39863,17.8,13311.08,15,50,86.9,0.9,1.1,2.7,14.8,6.1,"Mohave County, AZ",200186,21.48,50,7.36713356578382,72.7723217407811,"Republican"
37.7,9,5.34652435111802,86.4,29,20.5,24556,43243,18.9,9187.04,106.7,50.9,74.3,3.5,2.6,3.7,34.6,13.2,"Pima County, AZ",980263,16.73,50,14.5354818043729,55.740143206466,"Swing"
35.3,12,3.0337706575831,83.3,18,19.3,21526,49088,13.7,5365.61,70,47.5,72.4,4.6,1.7,3.8,28.5,10.9,"Pinal County, AZ",375770,13.04,50,5.34839396439311,56.5505495382814,"Swing"
49.2,10.5,3.59185530225131,88.7,23.9,21.8,25458,40837,14.2,8123.5,26,51,89.3,0.6,0.8,2.5,13.6,7.2,"Yavapai County, AZ",211033,22.75,50,7.69661143043979,48.219946643416,"Republican"
31,8.9,3.75685346783613,86.1,30.1,22.1,22238,49777,18,18618.89,7.2,50.4,61.7,1.2,1.4,3.1,13.5,5.1,"Coconino County, AZ",134421,15.62,50,10.0981989421296,72.6969744310785,"Swing"
36.6,11.3,8.46073320615969,85.7,39.9,14.4,33831,68258,10.8,739.02,2043.6,51,43,12.6,26.1,6,22.5,30.1,"Alameda County, CA",1510271,10.46,1,9.6895994162637,78.7077286129443,"Democrat"
37.2,13.9,3.8,85.9,24.8,17.9,22904,41196,18.5,1636.46,134.4,50.5,81.9,1.6,4.1,4.7,14.1,7.8,"Butte County, CA",220000,11.36,1,8.12821363636364,60.5727272727273,"Swing"
38.5,11.2,4.38216439074379,88.1,37.7,15.4,37742,75084,9.5,715.94,1465.2,51.2,58.6,9.3,14.4,5.9,24.4,23.1,"Contra Costa County, CA",1049025,9.91,1,6.4841733991087,66.2691546912609,"Democrat"
30.6,16.8,4.60744800902789,72.6,19.4,18.5,20375,45219,21.5,5957.99,156.2,50,55.4,5.3,9.6,4.5,50.3,21.5,"Fresno County, CA",930450,7.31,1,6.39888656026654,80.0666344242033,"Swing"
30.7,15.9,5.51551812641506,71.4,14.6,17.8,19939,46938,22.2,8131.92,103.3,48.4,59.5,5.8,4.2,4.5,49.2,19.8,"Kern County, CA",839631,11.43,1,6.8417316654578,76.0024344027317,"Swing"
34.8,12.6,6.08925606030592,75.5,28.4,23.1,26983,54375,16,4057.88,2419.6,50.7,50.3,8.7,13.7,4.5,47.7,35.4,"Los Angeles County, CA",9818605,8.14,1,8.40693133087643,52.8959052737125,"Democrat"
44.5,8.3,2.16711765428333,92.2,53.9,16,53284,86658,7.3,520.31,485.1,50.8,80,2.8,5.5,4.2,15.5,18.3,"Marin County, CA",252409,8.32,1,6.71489526918612,40.7037783914203,"Democrat"
29.6,18.9,6.02440254424476,67,12.7,18.4,17994,39922,24.6,1934.97,132.2,49.7,58,3.9,7.4,4.7,54.9,24.7,"Merced County, CA",255793,10.56,1,5.94171068012025,70.5492331690077,"Swing"
32.9,12.8,4.75356396832242,70.9,23.6,25.9,25345,57647,17.2,3280.6,126.5,48.6,55.6,3.1,6.1,5.1,55.4,29.6,"Monterey County, CA",415057,12.05,1,7.94711087874677,55.3707081196077,"Democrat"
36.2,9.6,2.53701375840799,83,35.2,21.3,33901,71735,10.7,790.57,3807.7,50.5,60.8,1.7,17.9,4.2,33.7,30,"Orange County, CA",3010232,4.88,1,5.99347625033552,42.3256413459162,"Swing"
40.3,11.5,2.29887036781926,92.5,33.5,14.7,35617,70751,7.2,1407.01,247.6,51.2,83.5,1.4,5.9,4.3,12.8,9.7,"Placer County, CA",348432,8.61,1,5.57427848188456,47.8945676631308,"Swing"
33.7,14.7,3.77550475169217,79,20.4,25.9,24642,55151,13.9,7206.48,303.8,50.2,61,6.4,6,4.8,45.5,22,"Riverside County, CA",2189641,6.07,1,5.09057649176281,61.0885528723658,"Swing"
34.8,12.8,6.52599260777509,85,27.9,16.5,27033,52502,15.3,964.64,1470.8,51,57.5,10.4,14.3,6.6,21.6,19.4,"Sacramento County, CA",1418788,8.74,1,18.6937794793866,73.2160125402808,"Democrat"
31.7,14.2,5.15376791584161,77.3,18.2,22.9,21792,52137,17,20056.94,101.5,50.3,56.7,8.9,6.3,5,49.2,21.1,"San Bernardino County, CA",2035210,8.99,1,6.5872627394716,60.2296568904437,"Swing"
34.6,10.5,4.15919165525425,85.2,34,20,30705,60103,12.5,4206.63,735.8,49.8,64,5.1,10.9,5.1,32,22.7,"San Diego County, CA",3095313,5.33,1,12.0514099866476,54.4655742407957,"Swing"
38.5,9.5,8.45467472228604,85.6,51.1,17,44373,70247,11.7,46.87,17179.1,49.3,48.5,6.1,33.3,4.7,15.1,34.4,"San Francisco County, CA",805235,6.71,1,14.5771197228138,92.1296267549225,"Democrat"
32.7,17.3,8.98284853773351,76,17.1,17.1,22767,52201,15.7,1391.32,492.6,50.2,51,7.6,14.4,6.4,38.9,23.1,"San Joaquin County, CA",685306,11.09,1,6.07656141927839,97.9620782540938,"Swing"
39.4,10.2,2.89277806829181,87.9,30,20.1,29098,55638,13.2,3298.57,81.7,48.8,82.6,2.1,3.2,3.8,20.8,9.6,"San Luis Obispo County, CA",269637,11.5,1,6.61409598831021,45.765232516309,"Swing"
39.3,8.9,3.01621126562563,88.4,43.6,16.1,43286,84678,7.6,448.41,1602.2,50.8,53.4,2.8,24.8,5.3,25.4,33.3,"San Mateo County, CA",718451,5.57,1,7.56408022258999,47.2850618900941,"Democrat"
33.6,9.4,3.89955059625615,80.8,31.3,24.4,29487,58555,15,2735.09,155,49.8,69.6,2,4.9,4.6,42.9,22.2,"Santa Barbara County, CA",423895,4.95,1,8.67532289835926,44.3883508887814,"Democrat"
36.2,11.1,3.06009849341226,85.8,43.9,15.5,39201,84990,9.1,1290.1,1381,49.8,47,2.6,32,4.9,26.9,36,"Santa Clara County, CA",1781642,3.54,1,8.98517547296258,47.6425679232977,"Democrat"
36.9,12.7,4.75261260299868,85.2,38.7,20.3,33532,60816,13.9,445.17,589.4,50.1,72.5,1.1,4.2,4.7,32,17.2,"Santa Cruz County, CA",262382,8,1,6.09105426439314,60.0803408770419,"Democrat"
41.8,16,6.62442233795839,87.4,19.4,15.7,23964,42552,15.5,3775.4,46.9,50.8,86.7,0.9,2.5,4.4,8.4,5.6,"Shasta County, CA",177223,14.11,1,9.46914339560892,56.5727924705033,"Republican"
36.9,12,5.69501432221104,85.5,23.9,15.5,28288,65079,10.7,821.77,503,50.1,51,14.7,14.6,7.6,24,19.4,"Solano County, CA",413344,10.89,1,8.35771415576372,71.5191220871719,"Democrat"
39.9,10.5,4.19733899867322,86.1,31.1,17.8,32939,61985,9.5,1575.85,307.1,50.8,76.8,1.6,3.8,4.4,24.9,16.3,"Sonoma County, CA",483878,7.03,1,6.49514547055249,35.9553441156655,"Democrat"
32.9,17.4,5.49904461632064,75.3,16.1,17.2,21931,48550,17,1494.83,344.2,50.5,65.6,2.9,5.1,5.4,41.9,20,"Stanislaus County, CA",514453,8.55,1,5.92514379350495,90.1073567459029,"Swing"
29.6,16.8,5.10426772868001,67.2,12.9,17.8,17865,39876,23,4824.22,91.7,49.9,60.1,1.6,3.4,4.2,60.6,22.6,"Tulare County, CA",442179,11.08,1,5.78918718437556,76.3944013623442,"Swing"
36.2,10.8,2.59559489771874,82.3,30.3,15.3,32063,71246,10.5,1843.13,446.7,50.3,68.7,1.8,6.7,4.5,40.3,22,"Ventura County, CA",823318,4.49,1,6.75209457342121,39.1076109109724,"Swing"
43.6,12.6,2.49091451358128,92.4,31.1,16.8,34203,68778,7.6,1707.88,106,50,86.6,0.8,3.5,3.8,12.1,8.2,"El Dorado County, CA",181058,12.15,1,5.83862629654586,34.0222470147687,"Swing"
32.4,10.2,3.68430468090117,81,20,17.4,24000,53779,13.3,1167.65,378.2,49.7,73.3,3.1,3.6,4,38,15.3,"Adams County, CO",441603,6.11,27,4.77985430352602,65.9415810128102,"Democrat"
35.8,7.1,2.03349322904467,93.4,56.6,20.7,36047,63757,12.9,726.29,405.6,49.8,87.2,0.9,4.1,2.7,13.3,10.9,"Boulder County, CO",294567,9.51,27,10.5855815485102,51.0715728509982,"Democrat"
33.7,9.7,5.6301840515331,83.3,39.3,20,29844,46693,18.8,153,3922.6,50,68.9,10.2,3.4,4.1,31.8,17.4,"Denver County, CO",600158,9.66,27,14.2588335071764,65.2694790371869,"Democrat"
36.6,7.1,1.14199639185189,97.3,53.5,10.4,42253,100447,3.3,840.25,339.7,50.5,90.2,1.2,3.8,2.6,7.5,6,"Douglas County, CO",285465,7.36,27,2.01586183945492,26.8474243777696,"Swing"
34.1,9.6,4.74879592712406,92.3,34.9,17.4,27750,55621,11.5,2126.8,292.6,50.2,79.8,6.2,2.7,5.1,15.1,7.4,"El Paso County, CO",622263,11.57,27,17.8008093041045,61.5816784864278,"Swing"
40.4,8.6,2.84542122897503,92.6,38.4,15.1,34147,66059,8.1,764.21,699.5,50.4,88.4,1.1,2.6,2.7,14.3,6.4,"Jefferson County, CO",534543,10.48,27,10.8428096523572,57.5108082979293,"Swing"
35.5,7.4,2.65660981877649,93.3,41.4,16.9,29188,56281,14.7,2596,115.4,50.4,90.5,0.8,1.9,2.6,10.6,5.2,"Larimer County, CO",299630,9.68,27,6.27356072489404,54.3603777992858,"Swing"
38.1,10.6,3.2101306543623,88.7,24.7,18.6,26053,52290,11.8,3328.97,44.1,50.3,89.4,0.6,0.8,2.7,13.3,4,"Mesa County, CO",146723,15.68,27,7.25485438547467,56.6237058947813,"Republican"
35.7,8.8,3.48949218797803,90.1,38.2,17.5,31808,56099,12.3,798.1,716.7,51,72.7,10.2,5.1,4.3,18.4,14.2,"Arapahoe County, CO",572003,10.31,27,9.12239795945126,58.471721302161,"Swing"
39.5,8.3,3.13580831321871,88.2,43.4,10.8,48394,78892,8.2,624.89,1467.2,51.4,74.8,10.8,4.6,2.6,16.9,19.6,"Fairfield County, CT",916829,5.67,5,14.7681476044061,39.9638318595943,"Swing"
39.3,10.1,4.24011306968186,87.9,32,11.2,31318,60388,11.9,604.51,1426.7,51.9,74.8,12.7,3.5,2.6,15,11.1,"New Haven County, CT",862477,6.15,5,13.3780715311829,64.5582432922849,"Democrat"
39.9,9.7,3.15878722257146,86.8,32.8,10.8,32779,61962,10.1,735.1,1216.2,51.7,72.4,13.3,4.2,2.7,15.3,13.5,"Hartford County, CT",894014,6.94,5,18.7716501083876,57.0550349323389,"Democrat"
37.2,8.6,7.53418424859651,87.9,32.1,10.4,31071,62051,10.1,426.29,1263.2,51.6,65.5,23.7,4.3,2.5,8.7,9.2,"New Castle County, DE",538479,10.03,18,7.44751048787418,73.4364757028594,"Democrat"
45.4,8.3,5.50863577569809,84.2,21.4,17.6,26689,50024,12.2,936.08,210.6,51.2,79,12.7,1,2.3,8.6,5.9,"Sussex County, DE",197145,13.19,18,8.19113850211773,63.1717771183647,"Swing"
30.1,8.2,8.0982954361678,89.1,39.3,26.9,24305,38597,23,875.02,282.7,51.6,69.6,20.3,5.4,2.6,8.4,9.8,"Alachua County, FL",247336,13.75,10,9.63279506420416,85.5758967558301,"Democrat"
39.5,10.3,6.37244450761614,85.8,20.2,21.3,24858,43930,14.4,758.46,222.6,50.5,82.2,10.8,2,3.1,4.8,5.2,"Bay County, FL",168852,15.4,10,13.392675242224,79.6555563452017,"Republican"
45.5,11.5,6.7908777715615,89.9,26.4,19.5,27342,45683,11.6,1015.66,535,51,83,10.1,2.1,2.6,8.1,8.3,"Brevard County, FL",543376,14.54,10,15.0076392774064,68.6375548423191,"Swing"
39.7,10.1,6.08501052019775,87,29.3,27,28465,48772,13,1209.79,1444.9,51.6,63.1,26.7,3.2,2.9,25.1,29.6,"Broward County, FL",1748066,9.78,10,7.13936487523926,82.0998749475134,"Democrat"
55.9,12.4,3.31295553138557,87.9,20.8,25.4,27561,40874,12.2,680.28,235.2,51.4,90,5.7,1.2,1.7,5.8,9.6,"Charlotte County, FL",159978,13.13,10,8.99446173848904,62.5961069647076,"Swing"
54,12.9,3.38440624203461,83.9,16.7,23.1,22714,37861,15.8,581.7,242.8,51.6,93,2.8,1.4,1.6,4.7,5.5,"Citrus County, FL",141236,18.41,10,9.29868447138123,43.6715851482625,"Swing"
38,10.5,4.85683598354858,89.8,22.9,22,26689,57858,9.2,604.36,315.8,51,81.8,9.9,2.9,2.9,7.7,5.9,"Clay County, FL",190865,17.29,10,5.82525869069761,53.839100935216,"Republican"
46.9,12,3.65140582234387,84.7,30.7,31.9,36942,53934,12.6,1998.32,160.9,50.7,83.9,6.6,1.1,1.9,25.9,22.9,"Collier County, FL",321520,10.57,10,6.4364456332421,38.4610599651655,"Republican"
35.8,11.7,9.70537903392833,87.3,25.1,18.8,25948,47002,15.3,762.19,1133.9,51.5,60.9,29.5,4.2,2.9,7.6,8.3,"Duval County, FL",864263,15.39,10,10.759033997753,115.365345965291,"Swing"
37.6,10.9,9.16272146603544,86.1,23.7,19.6,23154,40794,18.9,656.46,453.4,50.6,68.9,22.9,2.7,3.2,4.7,5.2,"Escambia County, FL",297619,12.1,10,12.899556143929,83.0121732819477,"Swing"
47.7,14.5,3.75626526525368,85,16.1,20.7,22872,40352,13.1,472.54,365.6,52.2,89.5,5.1,1.1,2,10.3,6.8,"Hernando County, FL",172778,14.47,10,9.37508247577817,71.8841519174895,"Swing"
36.1,11.8,6.77174091664185,85.4,28.7,21.1,27252,47129,15.2,1020.21,1204.9,51.3,71.3,16.7,3.4,3.1,24.9,14.5,"Hillsborough County, FL",1229226,10.41,10,9.21734083073414,78.1516173592163,"Swing"
45.6,12,5.89122443208596,85.4,19.5,21.6,24768,42479,12.6,938.38,316.6,51.5,82,9.8,1.7,2.3,12.1,8.3,"Lake County, FL",297052,14.48,10,9.82619541359762,55.761280853184,"Swing"
45.6,12.8,4.58017241100664,86.7,24.9,28.2,30363,45624,12.8,784.51,788.7,50.9,83,8.3,1.4,2.1,18.3,14.3,"Lee County, FL",618754,10.83,10,6.90935816172501,68.5635971646244,"Swing"
29.6,8.2,8.37789078976503,90.1,41,24.2,25467,40725,22.3,666.85,413.1,52.4,63,30.3,2.9,2.2,5.6,6.3,"Leon County, FL",275487,13.43,10,30.2176835930552,83.9604046651929,"Democrat"
45.7,12.3,8.93960654579922,86.5,25.9,23.7,28418,45565,14.4,742.93,434.5,51.6,81.9,8.7,1.6,2,14.9,11.5,"Manatee County, FL",322833,14.56,10,7.73208129280464,91.1430987538449,"Swing"
47.3,13.8,6.26626179451732,84.1,16.8,25.3,22407,38988,15.9,1584.55,209.1,52,81,12.3,1.3,2.1,10.9,7.2,"Marion County, FL",331298,15.09,10,8.58659273524138,50.3353476326449,"Swing"
38.2,12.4,8.81456957621568,76.5,25.9,30.2,22619,41367,17.7,1897.72,1315.5,51.6,73.8,18.9,1.5,2.4,65,49.4,"Miami-Dade County, FL",2496435,10.37,10,10.859699531532,104.997726758357,"Swing"
38.3,8.1,3.81037705588922,90.5,27.5,24.7,28361,49215,12.5,930.25,194.4,49.8,81.1,9.3,2.9,3.9,6.8,6.6,"Okaloosa County, FL",180822,12.72,10,21.0821028414684,61.2646691221201,"Republican"
33.7,11.4,10.3808523189372,86.7,29.6,22.5,25778,46826,14.3,903.43,1268.5,50.8,63.6,20.8,4.9,3.4,26.9,18.4,"Orange County, FL",1145956,9.69,10,9.16302196593936,106.005815231998,"Swing"
43.5,11.7,6.55918262843014,86.6,31.3,24.9,33586,49660,14.4,1969.76,670.2,51.6,73.5,17.3,2.4,2.3,19,21.2,"Palm Beach County, FL",1320134,11.97,10,8.07876851895338,82.0856064611623,"Democrat"
43.6,13.1,4.04349500857548,85.4,18.9,20.3,23811,40289,13.2,746.89,622.2,51.4,88.2,4.5,2.1,2.2,11.7,9,"Pasco County, FL",464697,12.05,10,7.40402025405802,75.0338392543959,"Swing"
46.3,11.7,7.87634391004449,87.8,26.7,19.3,28872,43200,13.3,273.8,3347.5,52,82.1,10.3,3,2.2,8,11,"Pinellas County, FL",916542,13.75,10,11.3091631370957,89.1633989495299,"Swing"
39.8,12.5,4.70191581062789,82,18,21.7,22283,41913,16.8,1797.84,334.9,51,75.2,14.8,1.6,2.4,17.7,10.1,"Polk County, FL",602095,9.63,10,6.90352020860495,78.1703883938581,"Swing"
42.2,9.5,3.69924068217576,91.7,37.6,19.8,36198,62180,8.7,600.66,316.4,51.4,89.3,5.6,2.1,1.8,5.2,6.4,"St. Johns County, FL",190039,14.21,10,6.93526591910082,56.4199980004104,"Republican"
42.4,14.1,5.42858068534031,82.9,18,24.4,23779,44545,15.6,571.93,485.7,51.1,71.8,19.1,1.6,2.6,16.6,15.5,"St. Lucie County, FL",277789,12.6,10,7.23660044134217,61.1975276198842,"Swing"
52.5,12.2,3.98737112858679,89.9,28.9,25.4,32768,45953,12.7,555.87,682.6,52.3,90.2,4.7,1.3,1.6,7.9,11.7,"Sarasota County, FL",379448,11.6,10,10.2542904429592,77.565305390989,"Swing"
38.2,10.7,3.98847458589414,90.6,33.2,21.2,29741,56201,10.4,309.22,1367,51.6,78.2,11.1,3.7,2.9,17.1,11.5,"Seminole County, FL",422718,8.99,10,5.12991403252286,59.3445275573787,"Swing"
45.3,12,5.98876247743094,86.7,20.5,22.5,24474,41390,15.2,1101.03,449.2,51.1,82.5,10.5,1.5,2.1,11.2,7.5,"Volusia County, FL",494593,15.97,10,8.71452487196543,77.7568627133825,"Swing"
35.6,10.6,6.90466547088661,80.6,22.7,14.9,21269,37367,21.8,249.76,622.8,52.9,43.2,52.1,1.6,1.4,2.8,2.7,"Bibb County, GA",155547,20.57,38,11.0027708666834,135.547455110031,"Swing"
34,9.1,5.72553634470897,87.1,29,20.4,25240,42431,16.3,426.44,621.7,51.8,52.8,40.1,2.4,2.1,5.4,4.6,"Chatham County, GA",265128,13.2,38,13.1084909930298,100.359071844543,"Swing"
31.6,12.4,7.10034538053534,82.9,17.5,18.2,18962,42975,16.4,141.57,1832.5,52.1,18.9,66.1,5,2.5,13.7,13.3,"Clayton County, GA",259424,9.25,38,4.92521894658937,110.151720735167,"Democrat"
35.4,9.7,3.33247102799392,90,43,18.1,32713,62893,11.4,339.55,2026.4,51.4,62.2,25,4.5,2.7,12.3,14.8,"Cobb County, GA",688078,7.99,38,9.78221364438334,56.2639700731603,"Swing"
34.3,10.4,8.35678349108894,87,37.6,17.2,28064,50092,17,267.58,2585.7,52.1,33.3,54.3,5.1,2.4,9.8,16.2,"DeKalb County, GA",691893,14.6,38,7.43816601699974,128.236591496084,"Democrat"
34.2,10.6,10.7051959577701,87.8,45.8,17,36412,56313,17.6,526.64,1748,51.3,44.5,44.1,5.6,2.2,7.9,11.9,"Fulton County, GA",920581,15.53,38,18.0692323652128,136.704972186043,"Democrat"
33.7,9.2,3.22480104206894,87.6,35.2,22.2,27301,58732,13.7,430.38,1871.2,50.7,53.3,23.6,10.6,3.1,20.1,23.1,"Gwinnett County, GA",805321,8.2,38,2.79448816062167,56.9983894620903,"Swing"
35.3,10.4,2.65297515716794,89.3,23.5,16.2,25990,63892,7.6,322.13,633,52,55,36.9,2.9,2.4,5.8,6.3,"Henry County, GA",203922,10.79,38,3.81226645482096,55.5800747344573,"Swing"
34.5,7.6,3.23087919942816,88,25.1,18.4,25192,50733,13.7,375.54,372.5,51.3,63.3,28.6,2.4,2.8,6.1,4.1,"Houston County, GA",139900,15.01,38,17.8688491779843,78.8134381701215,"Swing"
33.5,9.4,6.71459040998499,83.9,22.1,15.3,21717,39060,17.5,216.39,877.5,52.1,46.3,45.5,2.2,3,6.4,4,"Muscogee County, GA",189885,15.27,38,25.2288648392448,153.682492034653,"Democrat"
33.2,10.3,5.65946476920852,81.6,19.7,18.2,20135,34552,22.6,324.33,618.4,51.6,39.7,54.2,1.7,2.6,4.1,3.3,"Richmond County, GA",200549,16.95,38,12.4980478586281,142.369196555455,"Democrat"
37.8,5.6,2.70140693469519,89.7,30.7,8.2,29221,67019,9.7,600.74,1586.7,49.9,20.8,2,43.9,22.3,8.1,18.4,"Honolulu County, HI",953207,2.83,4,18.2467659175814,66.6822631390663,"Democrat"
34.7,6.1,4.0172766115549,90.9,33.4,9.7,29592,54948,10.9,573.8,750.5,51,84.7,6,3.5,2.4,7.6,7,"Polk County, IA",430640,6.5,13,10.7820639048858,69.7845067806056,"Swing"
34.8,8.9,2.27339339645483,92.5,34.2,13.9,27805,53828,11.8,1052.58,372.8,49.9,90.3,1.1,2.4,2.8,7.1,6.2,"Ada County, ID",392365,9.43,49,8.40264804455036,43.8928038943331,"Swing"
38.9,11,4.67890305717215,90.8,22,15.8,23846,47196,13.8,1244.13,111.3,50.7,94.5,0.3,0.7,2.4,3.8,2.6,"Kootenai County, ID",138494,15.16,49,10.7324144006239,43.366499631753,"Republican"
35.3,10.5,7.12922367616838,82.7,32.7,17.4,29021,52516,16,945.33,5495.1,51.6,55.4,24.8,6.2,2.5,24,20.5,"Cook County, IL",5194675,11.18,6,8.84457853474953,61.9834734608036,"Democrat"
38.2,8.3,0.719797933089329,91.8,44.4,11.3,37592,73554,6.7,327.5,2799.8,51,77.9,4.6,10.1,2.2,13.3,17.9,"DuPage County, IL",916924,4.25,6,7.76716390889539,22.2722930144701,"Swing"
34.5,10.3,1.55646856302242,83.1,30.9,16,28980,66604,9.4,520.06,990.8,50.2,74.6,5.7,3.5,2.6,30.7,17.3,"Kane County, IL",515269,4.27,6,5.03022693001131,25.9709006363666,"Swing"
36.7,10.5,0.916893876286139,88,40.9,13.1,37970,76336,7.6,443.67,1585.6,50.1,75.1,7,6.3,2.6,19.9,17.9,"Lake County, IL",703462,5.54,6,6.01562415596009,22.2528011463306,"Democrat"
38,9.6,0.427516517683638,91.1,31.2,13.3,31766,74669,6.6,603.17,511.9,50.1,90.1,1.1,2.5,1.7,11.4,10,"McHenry County, IL",308760,6.48,6,3.85073519885996,11.4846482705014,"Swing"
36.9,10.9,0.481381639363688,86.6,23.2,12.7,24316,46368,17.1,657.76,410.6,51.9,64.6,30.5,1.2,2.2,3.3,2.4,"St. Clair County, IL",270056,14.44,6,13.1077813490535,17.1890274609711,"Democrat"
39.2,8,8.31539766540906,90.2,29.9,10.4,27907,52581,13.1,868.3,227.4,52,83.6,11.8,1.6,2.2,1.8,2.5,"Sangamon County, IL",197465,11.65,6,27.9151900336769,72.17481579014,"Swing"
35.4,10.4,1.18513489580259,89.1,29,12.1,29207,72478,7,836.91,809.6,50.3,76,11.2,4.6,2.3,15.6,11.2,"Will County, IL",677560,5.46,6,3.45978068362949,22.0260936300844,"Swing"
38.3,15.2,8.08423590931567,83.8,20.5,13.3,23773,44390,17.7,513.36,575.2,51.1,77.4,12.2,2.3,2.8,10.9,7.6,"Winnebago County, IL",295266,9.82,6,6.44778606409136,83.6330630685551,"Swing"
35.3,10.5,2.49064951073512,87.9,24.7,13.8,24140,47284,14.6,657.31,540.6,51.3,79.3,11.7,2.7,2.9,6.5,5.2,"Allen County, IN",355329,11.26,30,8.63346926369646,66.3948059404102,"Swing"
37.4,11,4.3426981582847,85.2,18.3,13.4,22973,47054,16.4,498.96,994.1,51.7,64.4,25.9,1.2,2.4,16.7,6.4,"Lake County, IN",496005,19.76,30,8.07779558673804,73.8339331256741,"Democrat"
33.9,10,10.9941077692654,84.1,27.7,13.1,24682,41201,19.7,396.3,2279.6,51.8,62.7,26.7,2,2.8,9.3,6.8,"Marion County, IN",903393,16.27,30,14.515922749014,115.028564533929,"Democrat"
36.2,11.5,4.31197575403381,86.1,25.7,13.6,23136,43544,16.4,457.85,583,51.5,78.7,12.7,1.9,2.9,7.3,5.4,"St. Joseph County, IN",266931,10.11,30,11.2970580412166,94.5337933773147,"Swing"
36.4,6.5,2.59289682255287,95.3,50.5,9,37118,72006,6.8,473.38,1149.6,51.2,86,4.3,4.2,2.5,7.2,7.5,"Johnson County, KS",544179,7.72,37,4.6649760464847,44.6066459749457,"Swing"
34.2,8.7,6.61362655884743,88.1,27.2,14.7,25241,48071,13.5,997.51,499.6,50.6,76.3,9.3,4.1,4,13,7.2,"Sedgwick County, KS",498365,9.23,37,9.30596249736639,89.2317879465853,"Swing"
38.1,6.9,4.42298829903222,89.6,28.5,11,25506,46194,16.6,544.02,327.1,51.7,81.2,8.6,1.2,4.1,10.8,4,"Shawnee County, KS",177934,16.3,37,16.1849337394764,102.869603336068,"Swing"
32.8,10.4,4.88238468620044,78.9,15.3,15.9,18849,37341,21.4,151.6,1039,50.7,54.6,25.2,2.5,3.7,26.4,12.1,"Wyandotte County, KS",157505,15.87,37,10.2640487603568,86.9305736325831,"Democrat"
33.7,8.1,6.09189223909156,87.5,39,19.6,27878,46386,17.4,283.65,1042.8,50.8,75.7,14.5,3.2,2.5,6.9,8,"Fayette County, KY",295803,9.8,46,10.2638986081953,70.1750827408782,"Swing"
37.9,10.6,6.22591405162084,86.6,28.1,14.3,26400,44516,15.8,380.42,1948.1,51.7,72.7,20.8,2.2,2.2,4.4,5.1,"Jefferson County, KY",741096,12.95,46,12.7108377322236,87.510929758088,"Swing"
36.4,7.4,8.09510175746856,83.2,22.3,23.9,22323,38095,16.9,878.54,290.2,52.5,49,47.2,1.1,1.5,2.4,1.8,"Caddo Parish, LA",254969,18.04,28,8.2395820668395,90.5051202303025,"Swing"
35.9,7,4.51838479415671,81.2,19.3,23.9,23514,43534,16.4,1063.66,181.2,51.2,70.8,24.8,1.1,1.9,2.6,1.7,"Calcasieu Parish, LA",192768,17.64,28,7.47714869687915,63.2366367861886,"Republican"
32.6,7.2,8.09230957968608,87.1,32.2,21.4,25233,44720,17.5,455.37,966.6,52,48.8,45.3,2.8,1.3,3.7,4.3,"East Baton Rouge Parish, LA",440171,25.22,28,21.0234772395274,99.0660447871395,"Swing"
38.4,6.9,6.62348110747378,82.5,23,22.9,25196,46428,13.7,295.63,1463.1,51.4,62.9,26.3,3.9,2.1,12.4,9.4,"Jefferson Parish, LA",432552,22.89,28,9.9160447761194,86.6901551720949,"Republican"
33.2,5.7,7.67675491249131,84.6,27.7,25,26675,47901,13.7,268.72,824.6,51.2,69.4,25.8,1.5,1.6,3.9,3,"Lafayette Parish, LA",221578,14.44,28,5.80092788995297,80.4321728691476,"Republican"
34.4,7.2,1.99959383250277,83.2,15.6,23.3,22722,51946,12,648.17,197.5,50.5,91.9,5.1,0.5,1.1,3,1.2,"Livingston Parish, LA",128026,21.87,28,4.06493212316248,54.6451502038648,"Republican"
34.6,8.8,8.41406629458248,81.5,29.3,21.7,23559,35243,23.9,169.42,2029.4,51.6,33,60.2,2.9,1.7,5.2,5.1,"Orleans Parish, LA",343829,47.41,28,24.0752554322061,88.4625787818945,"Democrat"
34.1,7.7,4.93104345563362,83.1,24.2,23,21158,37928,20.8,610.41,251.8,52.2,60.4,36.6,0.9,1.1,1.8,1.2,"Ouachita Parish, LA",153720,18.21,28,7.63727556596409,111.891751236014,"Republican"
39.3,5.8,2.66535466757936,88.2,30.2,20.1,28587,58868,10.3,845.55,276.4,51.2,83.6,11.4,1.3,1.8,4.7,3.1,"St. Tammany Parish, LA",233740,11.98,28,5.92053135963036,46.5816719431847,"Republican"
39.8,11.2,6.0333585635208,79.5,24,7.9,27590,54048,11.1,553.1,991.3,51.6,88.4,3.3,1.9,2.6,6,12.4,"Bristol County, MA",548285,4.38,3,11.2857054269221,54.0084080359667,"Democrat"
40.4,8.9,3.50126958026479,88,35.7,7.6,33432,62758,10.8,492.56,1508.8,52,81.9,3.8,3.1,2.6,16.5,13.6,"Essex County, MA",743159,3.23,3,12.6808435341562,43.2397373913254,"Democrat"
38.6,10.2,6.64307752055061,83.2,23.6,7.3,24556,46646,17.2,617.14,751,52,76.5,9,2,2.9,20.9,8.4,"Hampden County, MA",463490,5.61,3,9.28652182355606,65.9863211719778,"Democrat"
38.5,7,2.65254459993946,91.3,48.4,8.5,39322,77672,7.4,817.82,1837.9,51.4,80,4.7,9.3,2.5,6.5,17.6,"Middlesex County, MA",1503085,2.33,3,13.4018442070808,40.0376558877242,"Democrat"
31.5,8.1,11.064744474899,83.2,39.6,8.8,31080,53751,17.3,58.15,12415.7,51.8,56,21.6,8.2,3.9,19.9,26.9,"Suffolk County, MA",722023,9.69,3,23.1094175670304,75.6513296667835,"Democrat"
39.2,9.3,4.26146324847975,88.1,32.2,7,29882,62885,9.4,1510.77,528.6,50.8,85.6,4.2,4,2.3,9.4,10.4,"Worcester County, MA",798552,3.38,3,7.91601924483315,40.8739819072521,"Swing"
38.4,6.8,5.79180740101478,89.9,35.3,13.2,37823,79843,6.8,414.9,1295.9,50.6,75.4,15.5,3.4,2.9,6.1,6.6,"Anne Arundel County, MD",537656,6.51,7,15.2689991369947,71.8005564896514,"Swing"
39.1,8,6.12524517750292,88.3,34.3,12.9,33158,64629,8.3,598.3,1345.5,52.7,64.6,26.1,5,2.4,4.2,9.5,"Baltimore County, MD",805029,7.33,7,11.3901089277529,67.2000636001933,"Swing"
38.5,5.6,2.29579419969808,91.1,56.1,14.7,46122,93774,6.7,491.25,1978.2,52,57.5,17.2,13.9,4,17,29.6,"Montgomery County, MD",971777,3.29,7,21.264386788327,53.1438797172602,"Democrat"
34.9,7.4,8.57056820550833,86.1,29.9,20.2,30917,69545,7.8,482.69,1788.8,52,19.2,64.5,4.1,3.2,14.9,18.2,"Prince George's County, MD",863420,12.86,7,16.0754013110653,101.598295151838,"Democrat"
34.4,10.9,16.3327487555579,76.9,24.9,14.2,22911,38458,20.9,80.94,7671.5,52.9,29.6,63.7,2.3,2.1,4.2,6.2,"Baltimore city, MD",620961,26.57,7,27.4855683368199,101.719753736547,"Democrat"
39.2,10.9,7.22019009005039,86.5,18.8,9.8,22521,39130,17.4,706.23,192.8,51.1,82.2,10.9,1.6,3.1,4.5,3.5,"Calhoun County, MI",136146,14.69,12,10.8839701496922,83.3663860855258,"Swing"
38.5,13.7,7.6680992977759,87.5,18.8,12.8,23093,41586,19.3,636.98,668.5,51.8,74.5,20.7,0.9,2.6,3,2.5,"Genesee County, MI",425790,18.32,12,8.81029850395735,72.7776603489983,"Democrat"
31.4,10.4,5.62843767243988,90.7,34.9,14.9,23669,42990,19.1,556.12,505.1,51.4,76.2,11.8,5.2,4,7.3,7.8,"Ingham County, MI",280895,7.83,12,23.4821196532512,61.9733352320262,"Democrat"
34.1,10.2,4.60590178603529,91.5,33.3,12.7,24560,42336,19.6,561.66,445.7,51,81.7,10.9,2.1,3.3,4,4.4,"Kalamazoo County, MI",250331,8.39,12,8.61187787369523,76.5626310764548,"Democrat"
34.4,10.2,5.05955640517605,87.6,29.4,12.2,25018,47684,14.5,846.95,711.5,51,79.9,9.7,2.3,3,9.7,7.7,"Kent County, MI",602622,4.15,12,5.99513127632247,63.7148992237257,"Swing"
39.9,13.7,3.34015871996652,87.3,21.5,11.6,27037,50709,10.9,479.22,1754.9,51.4,85.4,8.6,3,2.1,2.3,9.4,"Macomb County, MI",840978,8.68,12,9.42956771758595,49.6350677425569,"Swing"
40.2,12.1,3.20119897335411,91.8,41.6,10.2,36318,62626,9.7,867.66,1385.7,51.5,77.3,13.6,5.6,2.2,3.5,11.3,"Oakland County, MI",1202362,7.15,12,7.3940044678724,45.979497023359,"Swing"
39.5,11.8,11.7400796327104,86.3,17.9,9.8,21665,39364,22.2,800.11,250.2,51.7,74.6,19,1.1,2.5,7.8,1.9,"Saginaw County, MI",200169,10.99,12,9.1023485155044,65.8143868431176,"Swing"
33.3,8.1,3.97632188775229,93,50.2,14.4,30792,54939,14.2,705.97,488.4,50.7,74.5,12.7,7.9,3.4,4,10.9,"Washtenaw County, MI",344791,6.09,12,10.2294607457851,55.743914429321,"Democrat"
37.3,14.5,12.0543737613865,82,19.3,13.2,21691,38256,24.2,612.08,2974.4,52,52.3,40.5,2.5,2.4,5.2,7.9,"Wayne County, MI",1820584,20.1,12,10.7689636951659,94.2466812846867,"Democrat"
36.8,7,0.863124510728838,94.5,37.9,8.5,34108,69807,6.1,562.17,709,50.9,85.2,4.7,4.4,2.9,6,7.4,"Dakota County, MN",398552,6.52,15,5.40975330697124,52.6004134968586,"Swing"
35.9,6.9,5.15087749745103,92.2,43.7,9.6,35687,61651,11.9,553.59,2081.7,50.9,74.4,11.8,6.2,3.2,6.7,11.9,"Hennepin County, MN",1152425,6.77,15,9.63493849925158,74.9671345206846,"Democrat"
34.6,7.3,4.82659641396666,90.1,38.9,10.1,29045,48008,16.4,152.21,3341.7,51.5,70.1,11,11.7,3.5,7.2,11.7,"Ramsey County, MN",508640,4.72,15,13.4453385498584,76.8087448883297,"Democrat"
36.2,8.8,7.38941781300267,91,29.4,12.1,27828,57983,7.9,397.3,558.6,51.2,87.5,5.2,2.1,2.7,5.9,4.2,"Clay County, MO",221939,13.07,39,4.19969451065383,78.8324719855456,"Swing"
35.8,8.4,4.49170343128348,88.1,26.9,15.4,23282,37986,18.2,675.3,407.5,51.3,91.2,2.9,1.6,2.6,3,2.6,"Greene County, MO",275174,11.99,39,7.13624470335133,121.581254042896,"Swing"
36.2,11,8.57514113902082,86.8,26.9,14.8,24817,45798,15.3,604.46,1115.3,51.7,66.9,23.9,1.6,3.1,8.4,5.6,"Jackson County, MO",674158,21.51,39,13.2169877091127,104.84485832698,"Swing"
37.8,10.3,2.87108026680931,84.6,16.2,13.4,24609,53939,10.5,656.63,333.1,50.2,96.5,0.8,0.6,1.3,1.6,1.9,"Jefferson County, MO",218733,11.43,39,4.88437501428682,55.0534212944549,"Swing"
36.9,8.7,1.86415523530799,91.8,32.6,10.1,30517,68669,5.1,560.44,643.2,50.9,90.7,4.1,2.2,1.8,2.8,3.2,"St. Charles County, MO",360485,7.77,39,5.46671567471601,43.2361956808189,"Swing"
39.9,9.4,3.55271614108357,90.4,38.5,11,33236,56939,9.6,507.8,1967.2,52.7,70.3,23.3,3.5,1.9,2.5,6,"St. Louis County, MO",998954,12.31,39,12.7610991096687,69.4466411866813,"Democrat"
33.9,12.3,23.4078936653993,79.5,25.5,12.8,20818,34065,26.5,61.91,5157.5,51.7,43.9,49.2,2.9,2.4,3.5,6.3,"St. Louis city, MO",319294,36.33,39,32.4783021290723,194.792260424562,"Democrat"
35,7.8,1.50695805323345,86.8,20.6,18.6,24435,55160,9,476.15,338.7,51.3,72.2,21.9,1.3,1.6,5,3.3,"DeSoto County, MS",161252,14.26,47,4.01926177659812,63.6147148562499,"Republican"
35.3,8.9,1.49114133775153,83.6,19.7,21.1,22444,42337,18.2,573.99,326,50.3,69.7,22.1,2.8,2.7,5.3,4.5,"Harrison County, MS",187105,13.36,47,12.9355549023276,65.5033270088988,"Republican"
33.1,9.5,7.13048086919298,83.9,27.9,20.7,20992,36751,23.3,869.74,282,53,28.4,69.1,0.8,0.9,1.5,1.6,"Hinds County, MS",245285,19.98,47,16.383411133987,116.68059604134,"Democrat"
41.2,11.8,3.79421080415274,91,26.4,18.2,23612,45594,13.5,5087.66,17.9,50.2,95.5,0.2,0.6,2.1,2.3,1.9,"Flathead County, MT",90928,22,41,6.93155023755059,69.8794650712652,"Swing"
40.6,8.4,3.41980043471328,86.3,30.6,18.6,26209,40979,16.2,656.67,362.9,51.8,87.4,6.4,1,2.1,6,4.9,"Buncombe County, NC",238318,13.01,23,8.25230574274708,59.0639397779438,"Swing"
36.7,11.3,2.16840532326654,85.1,22.2,18.2,26128,52988,11.4,361.75,492.1,51.2,75.4,15.3,2,2.1,9.4,6.3,"Cabarrus County, NC",178011,11.24,23,5.08509586486228,58.1200038199887,"Swing"
39.6,13.1,3.60849453866985,79.8,19,17.2,22789,42100,14.4,398.72,387.1,51,81.7,8.4,3.5,1.9,8.4,7.6,"Catawba County, NC",154358,15.55,23,6.04262817605825,79.6978452687907,"Republican"
31,9.4,7.84206917925937,88,21.2,16.3,21728,41163,17,652.32,489.7,51.7,51.4,36.7,2.2,4.6,9.5,4.7,"Cumberland County, NC",319431,14.71,23,40.4830025889785,125.642157461236,"Swing"
40.3,12.5,2.65843146404057,77.6,15.4,16.6,22042,43420,14.6,552.68,294.7,51,84.3,8.9,1.2,1.5,6.4,4.2,"Davidson County, NC",162878,12.28,23,5.08492859686391,61.0518302042019,"Republican"
33.2,8,7.16028805584726,86.1,44,18.2,27698,48770,16.4,285.98,935.7,52.3,46.4,38,4.6,2.6,13.5,13.2,"Durham County, NC",267587,10.84,23,16.4374801466439,104.952781712116,"Democrat"
37.2,9.9,7.11780306270853,86.3,30.8,17.3,26189,45769,16.5,408.15,859.2,52.5,62.3,26,1.9,2.2,11.9,8.1,"Forsyth County, NC",350670,10.55,23,7.39488122736476,109.772720791627,"Swing"
38.9,12.2,5.0318798948012,77.7,17.3,14.9,21955,40940,15.6,356.03,578.8,51.6,78.2,15.3,1.2,1.8,5.9,4.5,"Gaston County, NC",206086,17.47,23,6.44494531409218,80.7332861038596,"Republican"
36.3,10.9,6.3410359414094,86.3,32.2,17.8,26389,44386,17.1,645.7,756.4,52.4,57,32.5,3.9,2.3,7.1,8.5,"Guilford County, NC",488406,7.99,23,7.25505419671339,99.6793651183646,"Swing"
33.5,11.2,3.14794467988629,80.7,16,21.5,19338,42792,17.3,594.99,192.7,51,68.3,20.9,0.9,3.1,10.8,6.1,"Harnett County, NC",114678,19.18,23,5.63434137323637,57.4303702541028,"Swing"
36.3,9.8,2.83636708156184,80.1,18.8,21.7,22661,49501,17.4,791.3,213.4,50.8,74.2,15.1,0.6,2,12.9,7.3,"Johnston County, NC",168878,12.44,23,5.3442840393657,58.2906003150203,"Republican"
33.9,10.9,8.05108152426851,89.1,40.5,19.1,32432,53158,14.2,523.84,1755.5,51.6,55.3,30.8,4.6,2.6,12.2,12.6,"Mecklenburg County, NC",919628,10.98,23,5.3282925269783,111.903943768567,"Democrat"
25.7,8.5,3.37510969106496,88,16.8,22,20783,41161,15.1,762.74,233.1,46.4,74,15.6,1.9,4.4,10.1,4.1,"Onslow County, NC",177772,14.63,23,16.530021600702,66.557163107801,"Republican"
31,10.1,5.86388181839808,85,28.7,19.5,21622,36339,25.5,651.98,257.9,52.8,58.9,34.1,1.6,2,5.5,4,"Pitt County, NC",168148,11.89,23,6.53435069105788,96.962199966696,"Swing"
34.4,12.6,8.847117047284,68.8,12.7,18.4,15128,27421,31.1,949.22,141.3,51.4,29,24.3,0.7,2.5,8.1,5.5,"Robeson County, NC",134168,24.6,23,9.20136694293721,119.655953729652,"Swing"
34.4,8.4,3.19092379186076,91.2,47.5,16.3,32234,63770,10.2,835.22,1078.8,51.3,66.3,20.7,5.4,2.5,9.8,11.8,"Wake County, NC",900993,5.77,23,9.26589995704739,49.545334980405,"Swing"
33.5,5.3,5.46112045792965,89.6,34.7,11.6,27119,49944,12.8,328.46,1574.4,50.8,76.4,11.6,2.7,2.8,11.2,7.9,"Douglas County, NE",517110,10.44,32,8.23543540059175,77.9872754346271,"Swing"
39.3,6.3,2.04631152347893,90.2,34.1,12.2,32039,64455,8.8,876.14,457.4,50.5,90.4,2.1,3.2,2,5.3,8.2,"Hillsborough County, NH",400721,6.24,25,8.36814891158686,44.7593213233147,"Swing"
42.2,6.3,1.16183359697585,93,36,10.1,35016,70196,6.1,694.72,425,50.6,95.5,0.7,1.7,1.4,2.1,4.7,"Rockingham County, NH",295223,9.48,25,6.8823194669792,30.0721827228908,"Swing"
39.9,12.4,4.81152726835647,84.4,23.8,15.8,27634,51585,10.9,555.7,494.1,51.5,65.4,16.1,7.5,3.2,16.8,14.5,"Atlantic County, NJ",274549,9.47,2,8.6158317823048,68.1918346087584,"Swing"
41.1,8.1,1.04516990087458,90.5,44.2,15.8,42174,80604,6.6,233.01,3884.5,51.8,71.9,5.8,14.5,2.5,16.1,28.6,"Bergen County, NJ",905116,3.09,2,6.53159595013236,28.7653737200536,"Swing"
37.9,10.6,6.02931528237715,84.7,27.5,15.3,29112,60445,11.3,221.26,2321.5,51.8,65.3,19.6,5.1,2.6,14.2,9.6,"Camden County, NJ",513657,8.96,2,9.12843979542769,70.8838777627872,"Democrat"
36.4,11,6.97349002320245,81.1,30.7,19.2,30991,53712,14.4,126.21,6211.5,52,42.6,40.9,4.6,3.2,20.3,23.3,"Essex County, NJ",783969,13.65,2,10.7572837701491,60.6580107121583,"Democrat"
34.2,10.8,5.65220270359754,79.8,33.4,23.8,30573,55767,14.6,46.19,13731.4,50.5,54,13.2,13.4,4.4,42.2,39.7,"Hudson County, NJ",634266,4.1,2,7.88804539420369,49.5438822197627,"Democrat"
37.8,7.8,4.03259911653884,86.6,38.7,16,35870,70570,10.8,224.56,1632.2,51.2,61.4,20.3,8.9,2.8,15.1,18.5,"Mercer County, NJ",366513,7.09,2,18.1656476032228,44.2330831375695,"Democrat"
42.6,10.1,1.38578864208323,88.5,24.2,13.5,29922,59456,8.2,628.78,917,52.1,91,3.2,1.7,1.5,8.3,7.4,"Ocean County, NJ",576567,4.51,2,8.15602176329898,41.4175629198341,"Swing"
36.1,11.3,5.05560365982611,79.9,24.3,19.7,25808,51933,16.5,184.59,2715.3,51.5,62.6,12.8,5,3.7,37,26.7,"Passaic County, NJ",501226,5.99,2,7.32285436110657,47.2720888381688,"Democrat"
38,9.6,4.25909461154634,84.2,31.3,22.9,33670,64588,9.5,102.86,5216.1,51.6,61.3,22.1,4.6,3.1,27.3,27.5,"Union County, NJ",536499,5.03,2,6.95443421143376,53.860305424614,"Democrat"
35.8,8.5,8.79311281627133,86,31.6,22.8,25830,45550,15.6,1160.83,570.8,51,69.4,3,2.3,4.4,47.9,10.7,"Bernalillo County, NM",662564,12.07,45,14.4484804486812,107.36170392596,"Democrat"
32.4,8.2,4.13414709916696,74.4,25,33.5,17639,35541,24.8,3807.51,55,51,74.1,1.7,1.1,3,65.7,18.6,"Dona Ana County, NM",209233,12.43,45,9.85733130051187,61.0993485731218,"Swing"
33,9.6,6.95918304573837,80,14.2,30.2,20029,46007,20.6,5513.07,23.6,50.4,51.6,0.6,0.4,3.5,19.1,3.2,"San Juan County, NM",130044,17.69,45,7.65791578235059,45.6460890160253,"Swing"
35.5,15.2,8.05527069819692,83,21.3,20.8,27395,53512,12.4,7891.43,247.3,49.7,60.9,10.5,8.7,5.1,29.1,21.3,"Clark County, NV",1951269,14.09,29,5.76762199368719,70.4228888994803,"Democrat"
37,14.1,5.28230428065979,86.1,26.5,20.5,29348,53036,13.2,6302.37,66.9,49.5,76.9,2.3,5.2,3.8,22.2,15.1,"Washoe County, NV",421407,12.34,29,8.26873545052645,72.2104758582558,"Swing"
40.2,7.9,2.9749099123326,88.6,31.4,15.4,30637,68891,8.9,795.63,373.9,50.2,80.1,9.9,3.5,2.6,10.5,10.4,"Dutchess County, NY",297488,6.72,8,6.69034717366751,37.8368203087183,"Swing"
40.4,8.2,5.15211525069638,87.9,28.5,13.6,26256,46739,13.9,1042.69,881.4,51.8,80,13.5,2.6,1.8,4.5,5.6,"Erie County, NY",919040,8.27,8,9.63167000348189,62.1626915041783,"Swing"
34.1,10.2,19.3831596598395,77.7,28.3,17,22959,42932,21.7,70.82,35369.1,52.8,42.8,34.3,10.5,3,19.8,36.6,"Kings County, NY",2504700,6.83,8,33.8300702678964,120.562941669661,"Democrat"
38.5,8,3.91888696624141,88.4,34.4,10.8,26698,50283,13.4,657.21,1132.6,51.8,76.1,15.2,3.3,2.6,7.3,7.8,"Monroe County, NY",744344,8.2,8,10.9534516298916,59.0318454907946,"Swing"
41.1,7.1,1.70134046816351,89.8,40.3,13.9,40515,92221,5.5,284.72,4704.8,51.6,73,11.1,7.6,2.4,14.6,19.7,"Nassau County, NY",1339532,3.43,8,8.81484951460659,27.8126987634487,"Swing"
38.6,8,3.67003121881865,88.8,31.5,15,27038,49886,13.7,778.39,600,51.9,81.1,11,3.1,2.8,4,6.1,"Onondaga County, NY",467026,4.92,8,10.3677439799925,49.4961736605671,"Democrat"
39.8,7.6,1.72966819566746,89.3,31.5,13.4,35062,82984,5.7,912.05,1637.4,50.8,80.8,7.4,3.4,2.4,16.5,13.1,"Suffolk County, NY",1493350,4.62,8,8.10941641276325,41.5160545083202,"Swing"
40,7.2,2.52973039037501,87.2,44.4,14.9,47204,77057,9.1,430.5,2204.7,51.9,68.1,14.6,5.4,3.2,21.8,23.8,"Westchester County, NY",949113,2.95,8,7.53052165548254,29.9100317875743,"Democrat"
36,9.6,3.79757151006438,86.2,24.3,12.3,25484,53543,13.2,467.06,788.2,51.1,86,7.3,2.4,2.1,4,4.3,"Butler County, OH",368130,7.33,22,5.62264689104392,74.2672425501861,"Republican"
40.2,9.5,5.51978639535919,85.5,27.4,10.8,25788,40254,18.9,457.19,2800,52.6,63.6,29.7,2.6,2.1,4.8,6.8,"Cuyahoga County, OH",1280122,9.61,22,11.2904215379472,56.9930053541772,"Democrat"
33.4,8.5,5.76836792405799,88.6,35.1,13.9,27002,47460,18.4,532.19,2186.1,51.3,69.2,21.2,3.9,3,4.8,8.4,"Franklin County, OH",1163414,15.04,22,12.3903107578214,102.202655288659,"Democrat"
37.1,9.4,6.3100250008101,86.8,31.7,12.8,27968,46509,15.2,405.91,1976.7,52,68.8,25.7,2,2.1,2.6,4.2,"Hamilton County, OH",802374,13.34,22,12.3147621931917,86.6503650417387,"Swing"
37,11.3,8.53298326222514,85.9,21.8,10,23221,40161,18.7,340.86,1296.2,51.6,74,19,1.5,3.1,6.1,3.5,"Lucas County, OH",441815,11.54,22,8.50720097778482,101.979335242126,"Democrat"
42.9,11.3,3.80616607278193,86.5,19.6,11.3,22390,39339,18.3,411.62,580.2,51.6,79.9,15.7,0.7,2.1,4.7,2.8,"Mahoning County, OH",238823,11.72,22,10.037550822157,77.4548515009023,"Democrat"
39.2,11.1,4.80797080461102,86.7,23.9,12.1,24642,41611,16.2,461.55,1159.5,52,73.9,20.9,1.7,2.4,2.3,3,"Montgomery County, OH",535153,14.58,22,10.2027906038086,75.3205158151033,"Swing"
41.1,11.3,2.78231882977534,87.2,19.6,11.9,23660,44363,14.8,575.27,652.9,51.6,88.7,7.6,0.7,2.2,1.6,2,"Stark County, OH",375586,12.78,22,7.63216680067947,64.1450959300932,"Swing"
40,9.9,4.09759663037279,89.3,28.7,11.7,26613,47042,14.8,412.75,1312.6,51.6,80.6,14.4,2.2,2.1,1.6,3.8,"Summit County, OH",541781,8.12,22,8.32541561996452,67.0233913703138,"Swing"
42.8,11.8,3.22378180988246,85.9,15.8,11.6,22013,40980,16,618.3,340.1,51.4,89,8.3,0.5,1.8,1.3,1.5,"Trumbull County, OH",210312,13.31,22,8.58818327056944,62.1933127924227,"Democrat"
32.7,6,3.3547731227151,90,30.1,19.1,25427,51958,11.6,538.77,474.7,50,79.3,4.2,3.8,5.6,7,5.4,"Cleveland County, OK",255755,12.9,34,5.30345447791832,73.7815487478251,"Republican"
34.3,6.9,7.33754225035588,85.3,28.5,18.9,25270,41279,17.3,708.82,1013.8,51.1,64.6,15.4,3,5.3,15.1,9.2,"Oklahoma County, OK",718633,13.64,34,13.6309173110614,99.1020451329121,"Swing"
35.2,7.6,9.10834052863509,87.7,29.1,17.5,26226,46143,14.6,570.25,1058.1,51.2,69.2,10.7,2.3,5.8,11,7.4,"Tulsa County, OK",603403,17.24,34,7.18106472788501,91.4148587262576,"Republican"
40.6,10.1,1.19683397519096,91.3,31.5,16.2,31753,60051,9.4,1870.32,201,50.8,88.2,0.8,3.7,3.2,7.7,8.1,"Clackamas County, OR",375992,9.57,21,6.24323389859359,52.3574969680206,"Swing"
40.2,14.4,1.85756943695993,91.9,28.9,18.1,28002,51959,11.8,3018.19,52.3,50.6,92.2,0.4,0.9,2.5,7.4,4.7,"Deschutes County, OR",157733,17.12,21,6.02877013687687,60.0762047257074,"Swing"
42.1,12.6,2.38674054899954,88.8,24.5,20.5,24182,45212,14.9,2783.55,73,51.3,88.7,0.7,1.2,3.5,10.7,5.3,"Jackson County, OR",203206,10.33,21,7.99392734466502,54.6046868694822,"Swing"
39,11.1,3.22135820195329,89.7,27.3,21.3,23256,40363,17.2,4553.12,77.2,50.8,88.3,1,2.4,4.2,7.4,5.6,"Lane County, OR",351715,12.79,21,7.96818731074876,93.8487127361642,"Democrat"
35.1,11.2,2.54015570742227,82,20.6,21.3,21982,43388,16.4,1182.33,266.7,50.2,78.2,1.1,1.9,3.9,24.3,14.2,"Marion County, OR",315335,8.56,21,12.5392582491636,72.9002489416018,"Swing"
35.7,10.1,5.4505843603043,88.7,36.9,18,28496,50604,15.1,431.3,1704.9,50.5,76.5,5.6,6.5,4.6,10.9,13.3,"Multnomah County, OR",735334,8.84,21,10.9560104659923,95.8639203409607,"Democrat"
35.3,9.1,1.56689509354175,90.1,37.9,17.5,30020,61022,10,724.23,731.4,50.8,76.6,1.8,8.6,4.3,15.7,16.6,"Washington County, OR",529710,6.61,21,3.60228993222707,43.8239791584074,"Democrat"
41.3,7.7,5.01329139378166,91.2,33.5,9.8,28825,46212,13,730.08,1675.6,52.1,81.5,13.2,2.8,1.8,1.6,4.5,"Allegheny County, PA",1223348,11.04,11,14.380559742608,47.1313150469041,"Swing"
44.4,8.1,2.90256187734184,89.1,18.9,10.8,23681,44557,11.5,434.71,392.3,51.8,91.2,6.3,0.4,1.7,1.2,1.9,"Beaver County, PA",170539,12.31,11,9.19298811415571,47.5785597429327,"Swing"
39.1,9.2,3.25926862109362,82.6,21.5,13.5,25365,53239,12.1,856.51,480.4,50.9,83.2,4.9,1.3,2.5,16.4,6,"Berks County, PA",411442,10.21,11,6.43765585428809,50.0386445720174,"Swing"
42,7.9,1.50500040783752,91.3,34.1,9.9,35039,75895,4.2,604.31,1034.7,51,89.2,3.6,3.8,1.7,4.3,7.7,"Bucks County, PA",625249,6.88,11,7.12824490722896,43.0228596926984,"Swing"
39.3,6.7,1.79600149132267,92.1,46.9,10.4,40763,81380,6.3,750.51,664.7,50.9,85.5,6.1,3.9,1.8,6.5,7.5,"Chester County, PA",498886,7.62,11,10.5949675877856,31.2095348436316,"Swing"
39.4,8.3,4.98321521820216,87.9,26.5,12,27402,48792,12.6,525.05,510.6,51.7,72.7,18,3.2,3.1,7,5.2,"Dauphin County, PA",268100,10.07,11,34.7985415889593,56.9638194703469,"Swing"
38.7,8.5,5.69073256777088,89.9,34.4,10,31819,61848,9.3,183.84,3040.5,52.1,72.5,19.7,4.7,2,3,7.7,"Delaware County, PA",558979,10.02,11,9.92523511616715,48.2844614913977,"Democrat"
38.6,9.4,3.0331544093012,88.7,23.5,12.1,22358,42635,15.7,799.15,351.1,50.8,88.2,7.2,1.1,2.1,3.4,3.6,"Erie County, PA",280566,13.19,11,7.97760598219314,48.9082782660764,"Democrat"
39.4,9.4,3.09587779008117,85.8,27,10.5,27588,52680,12.4,345.17,1012.5,51.6,79.1,6.1,2.9,2.9,18.8,8.3,"Lehigh County, PA",349497,8.58,11,7.66300712166342,62.9018274834977,"Swing"
42.5,10,2.91974897014191,86.6,20,10.3,23166,39984,13.1,890.33,360.4,51.1,90.7,3.4,1,1.5,6.7,3.2,"Luzerne County, PA",320918,8.41,11,10.0557400956007,46.6910550358659,"Swing"
40.6,7.4,1.90154949404531,92.2,43.7,9.2,39511,74819,5.5,483.04,1655.9,51.5,81.1,8.7,6.4,1.9,4.3,8.4,"Montgomery County, PA",799874,6,11,8.96767615899504,41.4290250714487,"Democrat"
40.9,9.1,1.93124758594052,86.6,25.7,10.7,28171,57999,8.5,369.67,805.4,51.2,86.3,5,2.4,2.2,10.5,5.9,"Northampton County, PA",297735,9.07,11,8.33848556602348,45.08707407594,"Swing"
33.5,10.9,13.6192125063728,79.1,22.1,11,20882,36959,24.5,134.1,11379.5,52.8,41,43.4,6.3,2.8,12.3,11,"Philadelphia County, PA",1526006,19.4,11,15.1371364201714,82.0272004172985,"Democrat"
45.1,8.3,1.58830568859898,90.6,23.2,10.6,25344,47312,10.4,1027.55,355.4,51.3,95.3,2.3,0.7,1.2,0.9,1.6,"Westmoreland County, PA",365169,8.49,11,9.18979705287141,32.3850052989164,"Swing"
40.1,8.8,2.48751643783968,85.9,21,10.7,26724,56833,8.9,904.18,481.1,50.7,88.5,5.6,1.2,2,5.6,3.2,"York County, PA",434972,10.81,11,8.92489401616656,44.6695419475277,"Swing"
37,12.4,3.40850882526126,79,25.1,12.8,25136,47432,14.8,409.5,1530.3,51.7,73.4,8.5,3.7,4.2,18.8,17.2,"Providence County, RI",626667,4.95,9,10.458051884015,63.3797535214077,"Democrat"
40,8.5,4.37854077789368,82.6,22.9,16.1,23960,43845,18.6,1071.03,149.5,51.6,69.6,24.6,0.8,1.9,4.9,3,"Aiken County, SC",160099,17.49,31,21.8277690678892,76.20284948688,"Republican"
39.7,11.4,6.41279138120838,80,18.2,17.4,22110,41399,16.8,715.43,261.6,51.8,80.1,16,0.8,1.5,2.9,2.4,"Anderson County, SC",187126,19.77,31,6.59369622607227,99.8044098628731,"Republican"
34.5,10,5.11124981022587,85.4,16.7,17.6,21979,49609,15.2,1098.86,161.8,50.1,66.5,25,2.3,2.7,6,4.6,"Berkeley County, SC",177843,11.81,31,10.0497405014535,65.709642774807,"Swing"
35.9,9.1,8.494927314832,87.5,36.7,19.8,28963,46145,16.4,916.09,382.3,51.5,64.2,29.8,1.3,1.6,5.4,5,"Charleston County, SC",350209,17.99,31,16.6156723556505,88.1302308050336,"Swing"
37.6,11.3,9.33630419695365,80.6,20.6,15,21538,39919,18.4,799.96,171.1,53,54.9,41.3,1.2,1.1,2.2,2.4,"Florence County, SC",136885,16.07,31,8.71481170325456,101.325930525624,"Swing"
37.2,9.4,6.96769904149814,83,29.1,18,25390,45917,15.3,785.12,574.7,51.5,73.8,18.1,2,1.9,8.1,7.8,"Greenville County, SC",451225,11.75,31,6.60551831126378,74.6767133913236,"Republican"
41.1,11.9,8.00249544173404,86.4,21,24.1,24790,41163,15.8,1133.9,237.5,51.1,79.9,13.4,1,2,6.2,6.2,"Horry County, SC",269291,12.25,31,6.39471055475304,123.851149871329,"Republican"
37.9,8.1,3.83778407033778,87.5,26.7,18.5,25819,52062,10.6,698.91,375.4,51.2,79.3,14.3,1.4,1.9,5.5,4.2,"Lexington County, SC",262391,10.29,31,5.86914947540121,55.390619342889,"Republican"
32.6,9.6,9.5187566319206,88.1,36.6,15.8,25865,45643,16,757.07,507.9,51.3,47.3,45.9,2.2,2.2,4.8,5.1,"Richland County, SC",384504,13.26,31,17.2240210765038,93.7051370076774,"Democrat"
38,11.4,6.59498359168082,78.8,19.8,19,22230,40278,14.8,807.93,351.9,51.5,72.3,20.6,2,1.7,5.9,5.4,"Spartanburg County, SC",284307,15.83,31,6.4249244654546,84.591656202626,"Swing"
37.2,15.4,7.07735996779801,84.6,25.3,16.6,25674,50644,12.4,680.6,332.2,51.7,74.8,19,1.5,1.8,4.5,4,"York County, SC",226073,9.73,31,5.0364395571342,63.4219920114299,"Swing"
42.6,9,4.04637357079157,82.2,21.7,13.4,23260,43645,17.3,337.16,222.8,51.7,91.9,3.8,1.1,1.9,2.4,2.3,"Anderson County, TN",75129,26.62,20,61.3766987448256,81.3534054759147,"Republican"
33.9,8.8,13.5938380132795,85.1,33.6,18.2,27797,46249,17.1,504.03,1243.3,51.6,61.4,27.7,3,2.5,9.8,10.7,"Davidson County, TN",626681,13.4,20,15.1131037960302,108.584750455176,"Democrat"
39.3,8.4,7.44212588011163,85,26.9,15.2,26400,43214,18.1,542.43,620.3,51.9,73.9,20.2,1.8,1.7,4.5,4,"Hamilton County, TN",336463,10.7,20,10.6742702763751,106.704154691601,"Swing"
37.2,7.6,5.91588659636394,87.7,33,15.5,26784,45380,14.7,508.22,850.5,51.4,85.6,8.8,1.9,1.9,3.5,3.8,"Knox County, TN",432226,13.65,20,9.08877068940786,83.8403983101433,"Republican"
30,9.1,6.48751530484939,90.3,22.8,18.2,22308,46523,13.8,539.18,319.6,51,71,19.1,2.1,4.4,8,4.3,"Montgomery County, TN",172331,12.77,20,6.23918505666421,66.4419054029745,"Swing"
32.2,8.7,4.64577843444883,87.5,26.4,16.5,24789,53983,12.4,619.36,424,50.6,78.2,12.5,3,2.4,6.7,5.9,"Rutherford County, TN",262604,12.19,20,6.25585672723949,59.0090021477205,"Swing"
34.6,10,14.842978556429,84.7,27.5,15.6,25050,41880,20.9,763.17,1215.5,52.3,40.6,52.1,2.3,1.4,5.6,5.5,"Shelby County, TN",927644,17.68,20,11.2038670007029,131.90620539776,"Democrat"
39.3,8.3,4.58614885468251,84.1,26.9,15.9,23438,39876,17.6,326.47,376.7,51.1,91.6,3.9,1.2,1.7,3,2.7,"Washington County, TN",122979,16.26,20,9.54006781645647,64.2873986615601,"Republican"
29.6,7.5,4.28062597708189,88,21.5,20.4,22002,45796,15.3,1051.02,295.2,50.5,61.4,21.5,2.8,5,21.6,7.7,"Bell County, TX",310235,18.7,19,38.1010201943688,65.1183780037713,"Swing"
32.8,7.4,6.19965441489923,80.5,24.6,22.8,22557,45315,17.7,1239.82,1383.1,51,72.9,7.5,2.4,3.5,58.7,12.5,"Bexar County, TX",1714773,9.1,19,11.6717967917619,129.534346528666,"Swing"
35.1,9,1.86163248883978,83.6,25.3,25.3,27208,66516,10,1357.7,230.7,49.2,70.1,12.1,5.5,2.6,27.7,11.5,"Brazoria County, TX",313166,8.3,19,4.05224385789006,43.4019018667416,"Republican"
35,7.5,2.30078699697447,92.2,47.4,16.6,37382,77905,7.1,841.23,930,50.9,71.6,8.5,11.2,3,14.7,16.8,"Collin County, TX",782341,5.88,19,4.03276831969691,54.0736072888932,"Republican"
32.5,8.8,6.11450594749717,75.1,27.4,30.8,25703,46044,18.7,871.28,2718,50.6,53.5,22.3,5,2.8,38.3,23.3,"Dallas County, TX",2368139,11.82,19,7.61957173966562,101.497420548372,"Swing"
33,7.5,2.13699076687181,90.2,37.4,19.9,30960,70724,8.7,878.43,754.3,50.8,75,8.4,6.6,2.9,18.2,13.2,"Denton County, TX",662614,7.55,19,2.77968319413716,47.6929252928553,"Republican"
31.3,9.5,4.06546205756095,69.8,18.8,33,16285,36078,23.7,1012.69,790.6,51.6,82.1,3.1,1,2.5,82.2,26.6,"El Paso County, TX",800647,4.75,19,11.8025097202637,57.7308102072449,"Democrat"
35,8,3.4234465086483,87.5,38.9,22.8,30541,80548,7.5,861.48,679.5,50.9,50.6,21.5,17,2.9,23.7,23.3,"Fort Bend County, TX",585375,7.69,19,2.2866179799274,38.3104847320094,"Swing"
37.2,9.2,4.01635376867862,85.4,25.6,21.5,27768,55883,14.7,378.36,769.9,50.5,72.5,13.8,3,2.7,22.4,9.7,"Galveston County, TX",291309,9.96,19,8.38933915532991,70.5093217168024,"Swing"
39.5,8.4,2.77141226205151,84.4,19,24.1,22778,43229,14.1,932.8,129.6,51.3,83.9,5.9,0.9,2.7,11.3,5.3,"Grayson County, TX",120877,18.2,19,7.185734258792,57.6950122852155,"Republican"
35.3,7.2,7.88630575864618,83.3,21.4,25.6,23335,43049,15,273.3,445.4,51.1,67.3,20,1.1,2.3,16.4,7.7,"Gregg County, TX",121730,21.36,19,7.79484104164955,110.408280621047,"Republican"
32.2,8.5,8.34852591070552,77.3,27.8,31.3,26498,50577,17.1,1703.48,2402.4,50.2,56.6,18.9,6.2,3.2,40.8,24.4,"Harris County, TX",4092459,12.22,19,6.68243151611293,85.7078836953528,"Swing"
28.3,11.8,3.38681594126766,59.5,15.2,31.5,13130,30360,35.2,1570.87,493.2,51.3,88,0.6,1,1.3,90.6,28.6,"Hidalgo County, TX",774769,5.03,19,5.54645578230414,86.8387867867713,"Democrat"
36,10.9,6.21548877604817,81.4,18,22.7,21670,41087,19.1,876.3,287.9,48.9,52.2,33.8,3.4,2,17,8.8,"Jefferson County, TX",252273,13.87,19,9.05524967000036,86.2795463644544,"Swing"
36.3,8.3,3.05431513111691,81.5,16.2,24.8,22846,56088,11.4,724.69,208.3,50,87.2,2.6,0.7,2.1,18.1,6.4,"Johnson County, TX",150934,19.21,19,5.17117415559119,48.7100321995044,"Republican"
30.4,6.2,8.09092245840671,82,26.7,26.4,21939,39159,20.1,895.6,311.3,50.6,77.3,7.5,2.1,2.5,31.9,4.6,"Lubbock County, TX",278831,9.68,19,6.78630066240841,97.8944235038428,"Republican"
32.7,7.4,6.01942904821503,79.5,20.4,26.2,20160,38963,22.8,1037.1,226.5,51.4,69.8,14.8,1.4,2.5,23.6,8.1,"McLennan County, TX",234906,9.37,19,8.59492733263518,91.6792248814419,"Republican"
36.1,7.6,2.26222501130015,85.3,28.7,25.1,30909,65130,11.2,1041.74,437.5,50.4,83.5,4.3,2.1,2.3,20.8,11.1,"Montgomery County, TX",455746,9.87,19,3.90667828132337,44.9241463446744,"Republican"
35.1,7.6,7.06007530355091,78.2,19.6,22.8,21979,41009,19.9,838.48,405.8,50.9,81.5,4,1.7,2.4,60.6,7.5,"Nueces County, TX",340223,11.46,19,9.5752050860759,114.530763646197,"Swing"
35.6,7.9,4.59196810894838,83.6,23.2,26.5,24130,46127,16.2,921.45,227.6,51.6,70.1,17.9,1.2,2,17.2,8.4,"Smith County, TX",209714,13.35,19,7.14614188847669,65.2126229054808,"Republican"
33.4,8.3,4.93080837618309,83.4,28.3,26,26957,53757,14.5,863.61,2094.7,51,66.6,14.9,4.7,3,26.7,15.4,"Tarrant County, TX",1809034,10.5,19,10.1228252205321,87.4278758718742,"Swing"
31.9,6.9,4.17469680727467,85.7,43.1,25,31758,53434,16,990.2,1034.4,49.6,69.3,8.5,5.8,3.3,33.5,18,"Travis County, TX",1024266,8.79,19,15.9718920670998,98.8825168462099,"Democrat"
33.9,8,4.63117870722433,83,20.9,22.5,22529,41862,15.4,627.78,209.5,48.7,77.1,10.5,2,2.9,16.6,5.7,"Wichita County, TX",131500,15.21,19,11.3067452471483,114.555133079848,"Republican"
34.2,7.4,1.39822418431008,90.3,35.9,18.7,28536,69862,5.5,1118.3,378,50.8,78.1,6.2,4.8,3.2,23.2,10.1,"Williamson County, TX",422679,7.1,19,4.84469774935589,37.0967093231507,"Swing"
29.2,7.1,0.998437087043484,94.9,32.7,10.5,25001,66220,7,298.78,1025.8,49.8,90,1.2,1.8,2.7,8.4,4.4,"Davis County, UT",306479,8.16,33,9.67254852697901,43.9769119580787,"Republican"
30.8,7.4,3.70803812927631,89,29.6,16.9,24911,56954,10.7,742.28,1387.1,49.7,81.2,1.6,3.3,3.1,17.1,11.7,"Salt Lake County, UT",1029655,11.65,33,8.63330435922712,98.6544036594782,"Swing"
24.6,7.7,0.894371268613376,92.9,34.7,15.1,19125,57471,14.2,2003.45,257.8,49.9,89.4,0.5,1.4,2.7,10.8,6.6,"Utah County, UT",516564,6,33,4.89020721536925,46.1472344181941,"Republican"
32.5,10.1,1.96213300510444,90.5,22.9,17.9,21501,46596,14.2,2426.36,56.9,50.6,89.7,0.6,0.7,2.3,9.8,5.6,"Washington County, UT",138115,15.93,33,7.69657893784165,46.9029431995077,"Republican"
30.7,8.6,2.40446989223131,88.6,21.9,14.8,22326,53094,12.5,576.08,401.4,49.8,85.2,1.4,1.3,3,16.7,7.9,"Weber County, UT",231236,12.54,33,9.14966960161913,67.6192288398,"Republican"
37.6,6.9,1.97320988122794,89.9,36.1,14.1,31789,70055,6.1,423.3,747.1,51.8,68.3,21.9,3.3,2.6,7.2,7.1,"Chesterfield County, VA",316236,8.85,16,4.12057134545087,45.9277248637094,"Swing"
37.3,4.9,0.738634367667968,92.1,58.4,15.1,48140,102325,5.6,390.97,2766.8,50.6,62.7,9.2,17.5,4.1,15.6,27.1,"Fairfax County, VA",1081726,4.71,16,28.8780532223502,35.95550074603,"Democrat"
37.5,6.9,1.91897307247463,89.2,39,13.4,32822,57318,10,233.7,1313.4,53,59.2,29.5,6.5,2.3,4.9,10,"Henrico County, VA",306935,8.8,16,4.09447928714549,59.8432892957792,"Swing"
33.5,5.8,1.47014193959234,88.7,37.7,15.1,35681,88823,6,336.4,1195,50.3,57.8,20.2,7.5,5.1,20.3,19.7,"Prince William County, VA",402002,6.47,16,11.0111889990597,38.7759264879279,"Swing"
37,6.9,4.56327151465512,88.7,27.6,12.6,28890,63532,7.3,340.8,652,51.4,62.6,29.8,2.9,3,4.4,4,"Chesapeake city, VA",222209,10.35,16,7.87044629155435,63.7237915655981,"Swing"
35.5,8.4,3.4998108210367,88,21.2,13.2,23738,46175,14.8,51.41,2673.2,52.2,42.7,49.6,2.2,3.7,4.5,5,"Hampton city, VA",137436,15.28,16,23.2858421374312,76.486510084694,"Democrat"
32.3,7.8,6.87254798886669,88.4,22.9,13.3,23454,48285,13.5,68.71,2630,51.7,49,40.7,2.7,4.3,7.5,6.4,"Newport News city, VA",180719,15.49,16,31.5339228304716,82.8025830156209,"Democrat"
29.7,9.2,8.25360477424085,83.6,23.4,15,23294,41161,18.4,54.12,4486.4,48.2,47.1,43.1,3.3,3.6,6.6,6.2,"Norfolk city, VA",242803,16.89,16,25.8873036988835,105.542353265816,"Democrat"
32,10.1,7.90347380688885,80,32.5,14.7,26022,37115,23.3,59.81,3414.7,52.3,40.8,50.6,2.3,2.3,6.3,6.1,"Richmond city, VA",204214,20.08,16,30.7386663010371,88.7990049653795,"Democrat"
34.9,6.4,2.38359429581227,92.2,31.6,14.4,30415,59174,6.8,249.02,1758.9,51,67.7,19.6,6.1,4,6.6,8.6,"Virginia Beach city, VA",437994,10.96,16,12.6367438823363,57.7998785371489,"Swing"
36.7,13.7,2.30861640528208,90.7,25.5,12.7,27382,56351,11.8,629,676.2,50.6,85.4,2,4.1,4,7.6,9.9,"Clark County, WA",425363,8.93,14,5.72032593337925,56.196707282956,"Swing"
37.1,8.8,3.5241442196216,91.8,44.8,11.7,37797,67706,9.8,2115.57,912.9,50.2,68.7,6.2,14.6,5,8.9,19,"King County, WA",1931249,6.16,14,9.39960253701102,83.0094928204494,"Democrat"
39.4,7.9,4.39209502534514,92.3,28.1,12.4,29659,60673,8.4,394.94,635.9,49.4,82.6,2.6,4.9,5.8,6.2,6.3,"Kitsap County, WA",251133,9.16,14,15.9452720271729,51.0088279915423,"Swing"
35.9,9.9,5.26769153384262,89.7,23.3,12,27265,55941,12.3,1669.51,476.3,50.6,74.2,6.8,6,6.8,9.2,8.8,"Pierce County, WA",795225,9.93,14,15.019913860857,88.3498380961363,"Swing"
37.1,10.3,2.46448022317705,90.5,27.9,11.5,30483,64677,9.7,2087.27,341.8,50,78.4,2.5,8.9,4.6,9,12.7,"Snohomish County, WA",713335,8.41,14,5.2608073345623,64.1381679014769,"Democrat"
36.8,9.6,4.06815485727504,91.5,27.2,13.1,24662,44799,14.8,1763.79,267.2,50.6,89.2,1.7,2.1,3.8,4.5,4.8,"Spokane County, WA",471221,9.34,14,8.64684511089277,74.6656027638836,"Swing"
32.2,9.7,3.18216016872849,71.1,15.7,18.6,18562,41055,22,4295.4,56.6,50,63.7,1,1.1,3.7,45,17.2,"Yakima County, WA",243231,14.8,14,7.49466967615148,99.7981342838701,"Swing"
34.4,5.6,2.53855468341826,93.9,44.4,10.9,31846,58002,13.1,1197.24,407.7,50.5,84.7,5.2,4.7,2.5,5.9,6.9,"Dane County, WI",488073,4.3,17,13.1290544652132,58.4297840691864,"Democrat"
33.6,9.6,8.54880319920653,84.7,26.8,10.4,23670,42012,20.6,241.4,3926,51.7,60.6,26.8,3.4,3,13.3,8.3,"Milwaukee County, WI",947735,13.29,17,9.62123694914718,105.457749265354,"Democrat"
42,7.4,0.605297377985129,94.7,38.4,6.9,36553,72982,4.9,549.57,709.4,50.9,93.3,1.3,2.7,1.3,4.1,4.3,"Waukesha County, WI",389891,5.9,17,5.53446989030267,31.2651484645709,"Republican"
42.4,7.8,5.06570394120054,85.9,23,14.2,24816,41747,14.4,901.59,214.1,52,89.1,7.3,1,2,0.9,1.6,"Kanawha County, WV",193063,20.72,26,18.2163749656848,71.7796781361525,"Swing"
