Median.Age,Unemployment.Rate,Violent.Crimes.Per.1000,Murders.And.Manslaughters.Per.1000,Rapes.Per.1000,Robberies.Per.1000,Aggravated.Assaults.Per.1000,Property.Crimes.Per.1000,Burglaries.Per.1000,Larceny.Thefts.Per.1000,Motor.Vehicle.Thefts.Per.1000,High.School.Or.Higher.Pct,Bachelors.Or.Higher.Pct,Republican.Vote.Pct,Without.Health.Insurance.Pct,Income.Per.Capita,Median.Household.Income,Poverty.Rate,Land.Area,Population.Density,Female.Pct,White.Pct,Black.Pct,Asian.Pct,Mixed.Race.Pct,Hispanic.Pct,Foreign.Born.Pct,County,Population,Crude.Rate,Gun.Law.Rank.2010,Federal.Govt.Expenditure.Per.Person
41.1,8.9,1.678874167,0.027432584,0.345650564,0.307244946,0.998546073,19.21378213,4.049049461,14.38564727,0.779085398,87.5,26.6,75.3,18.3,26197,48637,13.3,1589.78,114.6,51.1,85.7,9.4,0.7,1.5,4.4,3,"Baldwin County, AL",182265,15.91,24,6.465223713
37.3,7.3,4.650384844,0.053761674,0.361397923,1.451565211,2.783660035,42.90480301,10.38496346,28.45485961,4.064979944,87.9,37.9,56.9,14.7,29588,57327,10.3,801.59,417.7,50.9,68.2,24,2.5,2.5,4.6,4.8,"Madison County, AL",334811,17.62,24,29.27571973
36.6,10.2,4.62962963,0.157388037,0.152545328,2.852355494,1.467340772,47.38590578,12.32227259,30.79236402,4.271269177,82.1,19.7,54,15.2,21274,39828,18.7,1229.44,335.9,52,60.2,34.6,1.8,1.5,2.4,3,"Mobile County, AL",412992,17.68,24,9.52593997
34.9,9.3,4.154985765,0.100277726,0.244154463,2.123271844,1.687281732,58.79326657,16.44118711,37.94857933,4.403500129,84.3,30.5,40.1,12.5,25102,41084,19.9,784.25,292.5,52.4,39.5,54.7,2.1,1.3,3.6,2.9,"Montgomery County, AL",229363,15.7,24,21.4101141
37.1,9.4,8.184173518,0.160980218,0.548243949,3.755698852,3.7192505,61.48836842,16.76624154,39.28372915,5.43839773,86.1,28.1,47.1,12,26256,43312,16.5,1111.28,592.5,52.6,53,42,1.4,1.1,3.9,3.8,"Jefferson County, AL",658466,19.44,24,11.31247475
31.2,8.3,4.376952162,0.077059017,0.308236068,1.438434983,2.553222094,45.42885912,12.65309058,29.63689791,3.138870623,83.9,26.9,57.5,15.7,22489,41842,19.9,1321.76,147.3,51.5,66.3,29.6,1.2,1.1,3.1,3,"Tuscaloosa County, AL",194656,15.93,24,8.35554003
36.9,7,1.378886127,0.015377912,0.169157034,0.384447805,0.809903375,19.61196402,4.608247687,13.88112874,1.12258759,91.5,39.9,76.2,12.4,33607,65408,6.9,784.93,248.5,51,83,10.6,1.9,1.4,5.9,4.5,"Shelby County, AL",195085,14.35,24,4.707942692
34.3,6.4,2.091813914,0.018071826,0.501493185,0.112948915,1.459299988,19.0793308,4.811623799,13.53128007,0.736426929,83.2,24.9,67.2,21.7,24647,49226,13.1,847.36,261.2,50.7,82.6,1.3,2.9,2.7,15.5,9.3,"Benton County, AR",221339,10.84,44,4.32389231
44.4,8.1,6.685828543,0.041656253,0.458218779,1.228859452,4.95709406,67.0353245,19.70340748,43.46829959,3.863617429,85,19.6,61.4,21.8,22318,37427,14.7,677.78,141.7,51.5,86.4,7.9,0.7,2.3,4.8,3.9,"Garland County, AR",96024,20.83,44,10.59740273
36,7,10.38803599,0.141084996,0.59307952,3.158736296,6.49513518,69.29363445,17.86815346,46.29416744,5.131313554,88.3,31,43.5,17.1,26975,42107,16.7,759.76,503.8,51.9,57.5,35,2,2.1,5.8,4.6,"Pulaski County, AR",382748,16.98,44,17.02872909
39.7,8.4,5.093417386,0.045680873,0.289312198,0.395900903,4.362523411,28.4744111,6.768382745,19.11744553,2.588582827,83.6,21.6,59.5,19.9,22419,43786,16.2,6165.69,21.3,49,78.5,4.2,1.9,4,32.4,12.3,"Cochise County, AZ",131346,25.12,50,23.53174059
34.6,9.1,4.907630549,0.07099599,0.255690355,1.929204685,2.65173952,45.11467686,9.784347716,28.61269382,6.717635325,84.3,28,54.7,21.5,27185,53284,15.1,9200.14,414.9,50.5,73,5,3.5,3.5,29.6,16.8,"Maricopa County, AZ",3817117,13.02,50,8.258188051
47.6,11.2,3.581669048,0.054948898,0.284735196,0.329693385,2.912291569,36.38616087,9.725954862,23.88778436,2.772421648,82.4,12.1,65.6,19.2,21321,39863,17.8,13311.08,15,50,86.9,0.9,1.1,2.7,14.8,6.1,"Mohave County, AZ",200186,21.48,50,7.367133566
37.7,9,5.346524351,0.097932902,0.344805425,1.834201638,3.069584387,27.8700716,8.649719514,11.49181393,7.728538158,86.4,29,46.4,20.5,24556,43243,18.9,9187.04,106.7,50.9,74.3,3.5,2.6,3.7,34.6,13.2,"Pima County, AZ",980263,16.73,50,14.5354818
35.3,12,3.033770658,0.047901642,0.212896186,0.439098385,2.333874444,28.27527477,6.535912925,17.85666764,3.882694201,83.3,18,56.7,19.3,21526,49088,13.7,5365.61,70,47.5,72.4,4.6,1.7,3.8,28.5,10.9,"Pinal County, AZ",375770,13.04,50,5.348393964
49.2,10.5,3.591855302,0.018954382,0.199021006,0.222713983,3.151165931,24.10997332,5.951675804,16.77462766,1.383669853,88.7,23.9,61.4,21.8,25458,40837,14.2,8123.5,26,51,89.3,0.6,0.8,2.5,13.6,7.2,"Yavapai County, AZ",211033,22.75,50,7.69661143
31,8.9,3.756853468,0.022317941,0.580266476,0.505873338,2.648395712,36.34848722,5.192641031,30.20361402,0.952232166,86.1,30.1,40.8,22.1,22238,49777,18,18618.89,7.2,50.4,61.7,1.2,1.4,3.1,13.5,5.1,"Coconino County, AZ",134421,15.62,50,10.09819894
36.6,11.3,8.460733206,0.097333525,0.390658365,3.930420434,4.042320881,39.35386431,7.63108078,21.84243755,9.880345978,85.7,39.9,19.3,14.4,33831,68258,10.8,739.02,2043.6,51,43,12.6,26.1,6,22.5,30.1,"Alameda County, CA",1510271,10.46,1,9.689599416
37.2,13.9,3.8,0.031818182,0.418181818,0.768181818,2.581818182,30.28636364,8.454545455,18.25454545,3.577272727,85.9,24.8,47.5,17.9,22904,41196,18.5,1636.46,134.4,50.5,81.9,1.6,4.1,4.7,14.1,7.8,"Butte County, CA",220000,11.36,1,8.128213636
38.5,11.2,4.382164391,0.072448226,0.167774839,2.0066252,2.135316127,33.13457735,7.283906485,18.89468792,6.955982937,88.1,37.7,30.2,15.4,37742,75084,9.5,715.94,1465.2,51.2,58.6,9.3,14.4,5.9,24.4,23.1,"Contra Costa County, CA",1049025,9.91,1,6.484173399
30.6,16.8,4.607448009,0.069858671,0.18485679,1.37997743,2.972755118,40.03331721,8.262668601,25.29528723,6.475361384,72.6,19.4,48.1,18.5,20375,45219,21.5,5957.99,156.2,50,55.4,5.3,9.6,4.5,50.3,21.5,"Fresno County, CA",930450,7.31,1,6.39888656
30.7,15.9,5.515518126,0.067886965,0.277502855,1.5351982,3.634930106,38.0012172,11.01912626,20.74959119,6.232499753,71.4,14.6,57.9,17.8,19939,46938,22.2,8131.92,103.3,48.4,59.5,5.8,4.2,4.5,49.2,19.8,"Kern County, CA",839631,11.43,1,6.841731665
34.8,12.6,6.08925606,0.082089054,0.221314535,2.722484508,3.063367963,26.44795264,5.5539458,15.13239406,5.761612775,75.5,28.4,28.8,23.1,26983,54375,16,4057.88,2419.6,50.7,50.3,8.7,13.7,4.5,47.7,35.4,"Los Angeles County, CA",9818605,8.14,1,8.406931331
44.5,8.3,2.167117654,0.019809119,0.162434778,0.546731693,1.438142063,20.3518892,4.781921405,13.17702618,2.392941615,92.2,53.9,20.2,16,53284,86658,7.3,520.31,485.1,50.8,80,2.8,5.5,4.2,15.5,18.3,"Marin County, CA",252409,8.32,1,6.714895269
29.6,18.9,6.024402544,0.082097634,0.273658779,1.04381277,4.624833361,35.27461658,8.862635021,22.11944815,4.292533416,67,12.7,45,18.4,17994,39922,24.6,1934.97,132.2,49.7,58,3.9,7.4,4.7,54.9,24.7,"Merced County, CA",255793,10.56,1,5.94171068
32.9,12.8,4.753563968,0.086735075,0.238521456,1.414263583,3.014043854,27.68535406,7.362844139,15.75928126,4.563228665,70.9,23.6,29.9,25.9,25345,57647,17.2,3280.6,126.5,48.6,55.6,3.1,6.1,5.1,55.4,29.6,"Monterey County, CA",415057,12.05,1,7.947110879
36.2,9.6,2.537013758,0.023918422,0.142846133,1.007895737,1.362353466,21.16282067,3.847876177,14.86862142,2.446323074,83,35.2,50.2,21.3,33901,71735,10.7,790.57,3807.7,50.5,60.8,1.7,17.9,4.2,33.7,30,"Orange County, CA",3010232,4.88,1,5.99347625
40.3,11.5,2.298870368,0.008610001,0.203770033,0.413280066,1.673210268,23.94728383,5.200440832,16.57999265,2.166850347,92.5,33.5,54.7,14.7,35617,70751,7.2,1407.01,247.6,51.2,83.5,1.4,5.9,4.3,12.8,9.7,"Placer County, CA",348432,8.61,1,5.574278482
33.7,14.7,3.775504752,0.041102628,0.227434543,1.289252439,2.217715141,30.54427644,8.292226899,17.71888634,4.533163199,79,20.4,47.9,25.9,24642,55151,13.9,7206.48,303.8,50.2,61,6.4,6,4.8,45.5,22,"Riverside County, CA",2189641,6.07,1,5.090576492
34.8,12.8,6.525992608,0.068368213,0.298141794,2.386544008,3.772938593,36.60800627,8.380392278,21.59942148,6.628192514,85,27.9,39.5,16.5,27033,52502,15.3,964.64,1470.8,51,57.5,10.4,14.3,6.6,21.6,19.4,"Sacramento County, CA",1418788,8.74,1,18.69377948
31.7,14.2,5.153767916,0.058470625,0.242726795,1.713828057,3.138742439,30.11482845,7.574648316,17.03165767,5.508522462,77.3,18.2,45.8,22.9,21792,52137,17,20056.94,101.5,50.3,56.7,8.9,6.3,5,49.2,21.1,"San Bernardino County, CA",2035210,8.99,1,6.587262739
34.6,10.5,4.159191655,0.029076219,0.272993394,1.298091663,2.559030379,27.23278712,5.469883013,15.30992181,6.452982299,85.2,34,43.9,20,30705,60103,12.5,4206.63,735.8,49.8,64,5.1,10.9,5.1,32,22.7,"San Diego County, CA",3095313,5.33,1,12.05140999
38.5,9.5,8.454674722,0.121703602,0.207392873,5.16619372,2.959384527,46.06481338,6.820369209,32.02543357,7.219010599,85.6,51.1,13.7,17,44373,70247,11.7,46.87,17179.1,49.3,48.5,6.1,33.3,4.7,15.1,34.4,"San Francisco County, CA",805235,6.71,1,14.57711972
32.7,17.3,8.982848538,0.051072076,0.24952357,2.953425185,5.728827706,48.98103913,11.1774886,31.32469291,6.47885762,76,17.1,43.8,17.1,22767,52201,15.7,1391.32,492.6,50.2,51,7.6,14.4,6.4,38.9,23.1,"San Joaquin County, CA",685306,11.09,1,6.076561419
39.4,10.2,2.892778068,0.014834759,0.393121122,0.415373261,2.069448926,22.88261626,5.626082474,15.97703579,1.279497992,87.9,30,46,20.1,29098,55638,13.2,3298.57,81.7,48.8,82.6,2.1,3.2,3.8,20.8,9.6,"San Luis Obispo County, CA",269637,11.5,1,6.614095988
39.3,8.9,3.016211266,0.025053901,0.197647439,1.017466744,1.776043182,23.64253095,3.817936087,16.46041275,3.364182108,88.4,43.6,24.7,16.1,43286,84678,7.6,448.41,1602.2,50.8,53.4,2.8,24.8,5.3,25.4,33.3,"San Mateo County, CA",718451,5.57,1,7.564080223
33.6,9.4,3.899550596,0.033027047,0.320834169,0.688849833,2.856839548,22.19417544,4.800717159,15.47788957,1.915568714,80.8,31.3,37.5,24.4,29487,58555,15,2735.09,155,49.8,69.6,2,4.9,4.6,42.9,22.2,"Santa Barbara County, CA",423895,4.95,1,8.675322898
36.2,11.1,3.060098493,0.028063999,0.197570556,0.953053419,1.881410519,23.82128396,3.827929517,15.91060381,4.082750631,85.8,43.9,28.6,15.5,39201,84990,9.1,1290.1,1381,49.8,47,2.6,32,4.9,26.9,36,"Santa Clara County, CA",1781642,3.54,1,8.985175473
36.9,12.7,4.752612603,0.030489896,0.293465253,1.051901426,3.376756027,30.04017044,6.040810726,21.34673872,2.652620988,85.2,38.7,19.8,20.3,33532,60816,13.9,445.17,589.4,50.1,72.5,1.1,4.2,4.7,32,17.2,"Santa Cruz County, CA",262382,8,1,6.091054264
41.8,16,6.624422338,0.022570434,0.750466926,0.58683128,5.264553698,28.28639624,8.08585793,17.68393493,2.516603375,87.4,19.4,61.7,15.7,23964,42552,15.5,3775.4,46.9,50.8,86.7,0.9,2.5,4.4,8.4,5.6,"Shasta County, CA",177223,14.11,1,9.469143396
36.9,12,5.695014322,0.058063018,0.297572966,2.189459627,3.149918712,35.75956104,9.461852597,20.01964465,6.278063792,85.5,23.9,34.8,15.5,28288,65079,10.7,821.77,503,50.1,51,14.7,14.6,7.6,24,19.4,"Solano County, CA",413344,10.89,1,8.357714156
39.9,10.5,4.197338999,0.02479964,0.299662312,0.566258437,3.30661861,17.97767206,4.257271461,12.03609174,1.684308855,86.1,31.1,24,17.8,32939,61985,9.5,1575.85,307.1,50.8,76.8,1.6,3.8,4.4,24.9,16.3,"Sonoma County, CA",483878,7.03,1,6.495145471
32.9,17.4,5.499044616,0.060258177,0.274077515,1.574487854,3.59022107,45.05367837,10.97476349,26.40280064,7.676114242,75.3,16.1,48.1,17.2,21931,48550,17,1494.83,344.2,50.5,65.6,2.9,5.1,5.4,41.9,20,"Stanislaus County, CA",514453,8.55,1,5.925143794
29.6,16.8,5.104267729,0.097245686,0.235198867,1.060656431,3.711166745,38.19720068,8.887803356,22.99747387,6.311923452,67.2,12.9,56.8,17.8,17865,39876,23,4824.22,91.7,49.9,60.1,1.6,3.4,4.2,60.6,22.6,"Tulare County, CA",442179,11.08,1,5.789187184
36.2,10.8,2.595594898,0.037652523,0.150610092,1.053056049,1.354276233,19.55380546,3.982665264,13.91807297,1.653067223,82.3,30.3,42.9,15.3,32063,71246,10.5,1843.13,446.7,50.3,68.7,1.8,6.7,4.5,40.3,22,"Ventura County, CA",823318,4.49,1,6.752094573
43.6,12.6,2.490914514,0.044184736,0.160169669,0.331385523,1.955174585,17.01112351,5.998077964,9.665411084,1.34763446,92.4,31.1,54.1,16.8,34203,68778,7.6,1707.88,106,50,86.6,0.8,3.5,3.8,12.1,8.2,"El Dorado County, CA",181058,12.15,1,5.838626297
32.4,10.2,3.684304681,0.036231638,0.591028594,0.690665598,2.366378852,32.97079051,6.089179648,22.58363281,4.297978048,81,20,39.9,17.4,24000,53779,13.3,1167.65,378.2,49.7,73.3,3.1,3.6,4,38,15.3,"Adams County, CO",441603,6.11,27,4.779854304
35.8,7.1,2.033493229,0.006789627,0.241031752,0.302138393,1.483533458,25.53578643,3.975326496,20.45714557,1.103314356,93.4,56.6,26.1,20.7,36047,63757,12.9,726.29,405.6,49.8,87.2,0.9,4.1,2.7,13.3,10.9,"Boulder County, CO",294567,9.51,27,10.58558155
33.7,9.7,5.630184052,0.066649116,0.469876266,1.594580094,3.499078576,32.63473952,8.62939426,17.96360292,6.041742341,83.3,39.3,23,20,29844,46693,18.8,153,3922.6,50,68.9,10.2,3.4,4.1,31.8,17.4,"Denver County, CO",600158,9.66,27,14.25883351
36.6,7.1,1.141996392,0.010509169,0.318778134,0.115600862,0.697108227,13.42371219,2.777923738,10.09580859,0.549979857,97.3,53.5,58,10.4,42253,100447,3.3,840.25,339.7,50.5,90.2,1.2,3.8,2.6,7.5,6,"Douglas County, CO",285465,7.36,27,2.015861839
34.1,9.6,4.748795927,0.049818164,0.668527616,0.890298796,3.140151351,30.79083924,6.878120666,21.67250825,2.240210329,92.3,34.9,58.7,17.4,27750,55621,11.5,2126.8,292.6,50.2,79.8,6.2,2.7,5.1,15.1,7.4,"El Paso County, CO",622263,11.57,27,17.8008093
40.4,8.6,2.845421229,0.005612271,0.36666835,0.632315829,1.840824779,28.75540415,4.452401397,21.44822774,2.854775013,92.6,38.4,44.6,15.1,34147,66059,8.1,764.21,699.5,50.4,88.4,1.1,2.6,2.7,14.3,6.4,"Jefferson County, CO",534543,10.48,27,10.84280965
35.5,7.4,2.656609819,0.016687248,0.443880786,0.226946567,1.969095217,27.1801889,4.765877916,21.05263158,1.361679405,93.3,41.4,44.3,16.9,29188,56281,14.7,2596,115.4,50.4,90.5,0.8,1.9,2.6,10.6,5.2,"Larimer County, CO",299630,9.68,27,6.273560725
38.1,10.6,3.210130654,0.047708948,0.55887625,0.299884817,2.303660639,28.31185295,5.602393626,20.64434342,2.065115899,88.7,24.7,64,18.6,26053,52290,11.8,3328.97,44.1,50.3,89.4,0.6,0.8,2.7,13.3,4,"Mesa County, CO",146723,15.68,27,7.254854385
35.7,8.8,3.489492188,0.033216609,0.407340521,1.064679731,1.984255327,29.23586065,5.534936006,20.51038194,3.190542707,90.1,38.2,42.8,17.5,31808,56099,12.3,798.1,716.7,51,72.7,10.2,5.1,4.3,18.4,14.2,"Arapahoe County, CO",572003,10.31,27,9.122397959
39.5,8.3,3.135808313,0.038175058,0.147246651,1.30667769,1.643708914,19.98191593,3.416122309,14.28837875,2.277414872,88.2,43.4,40.5,10.8,48394,78892,8.2,624.89,1467.2,51.4,74.8,10.8,4.6,2.6,16.9,19.6,"Fairfield County, CT",916829,5.67,5,14.7681476
39.3,10.1,4.24011307,0.037102439,0.20174451,1.632507302,2.368758819,32.27912165,5.001872514,24.01339398,3.263855152,87.9,32,37.8,11.2,31318,60388,11.9,604.51,1426.7,51.9,74.8,12.7,3.5,2.6,15,11.1,"New Haven County, CT",862477,6.15,5,13.37807153
39.9,9.7,3.158787223,0.043623478,0.206931882,1.294163179,1.614068683,28.52751747,4.80976808,20.32630361,3.391445772,86.8,32.8,33.7,10.8,32779,61962,10.1,735.1,1216.2,51.7,72.4,13.3,4.2,2.7,15.3,13.5,"Hartford County, CT",894014,6.94,5,18.77165011
33.8,9.9,14.14105826,0.309112332,0.309112332,7.362191573,6.160642023,50.2074875,6.295255458,33.16808565,10.74414639,85.5,47.1,6.5,11.9,40846,58906,17.6,61.05,9856.6,52.8,38.5,50.7,3.5,2.9,9.1,12.5,"District of Columbia, DC",601723,16.45,NA,102.9041768
37.2,8.6,7.534184249,0.079854553,0.323132378,2.661199415,4.469997901,36.71823785,7.225908531,26.02701312,3.465316196,87.9,32.1,29.1,10.4,31071,62051,10.1,426.29,1263.2,51.6,65.5,23.7,4.3,2.5,8.7,9.2,"New Castle County, DE",538479,10.03,18,7.447510488
45.4,8.3,5.508635776,0.030434452,0.497096046,1.105785082,3.875320196,31.58588856,8.83106343,21.04542342,1.709401709,84.2,21.4,53.8,17.6,26689,50024,12.2,936.08,210.6,51.2,79,12.7,1,2.3,8.6,5.9,"Sussex County, DE",197145,13.19,18,8.191138502
30.1,8.2,8.098295436,0.016172332,0.541773135,1.427208332,6.113141637,42.78794838,11.10634926,29.02529353,2.656305592,89.1,39.3,38.6,26.9,24305,38597,23,875.02,282.7,51.6,69.6,20.3,5.4,2.6,8.4,9.8,"Alachua County, FL",247336,13.75,10,9.632795064
39.5,10.3,6.372444508,0.065145808,0.556700542,1.018643546,4.731954611,39.82777817,9.564589108,28.1133774,2.149811669,85.8,20.2,69.9,21.3,24858,43930,14.4,758.46,222.6,50.5,82.2,10.8,2,3.1,4.8,5.2,"Bay County, FL",168852,15.4,10,13.39267524
45.5,11.5,6.790877772,0.040487618,0.329421984,1.220149583,5.200818586,34.31877742,9.08210889,22.90310945,2.333559082,89.9,26.4,54.7,19.5,27342,45683,11.6,1015.66,535,51,83,10.1,2.1,2.6,8.1,8.3,"Brevard County, FL",543376,14.54,10,15.00763928
39.7,10.1,6.08501052,0.048625166,0.294611302,2.313985856,3.427788196,41.04993747,8.972201278,28.52638287,3.551353324,87,29.3,32.4,27,28465,48772,13,1209.79,1444.9,51.6,63.1,26.7,3.2,2.9,25.1,29.6,"Broward County, FL",1748066,9.78,10,7.139364875
55.9,12.4,3.312955531,0.018752578,0.093762892,0.450061884,2.750378177,31.29805348,7.963594994,21.91551338,1.418945105,87.9,20.8,53.1,25.4,27561,40874,12.2,680.28,235.2,51.4,90,5.7,1.2,1.7,5.8,9.6,"Charlotte County, FL",159978,13.13,10,8.994461738
54,12.9,3.384406242,0.049562435,0.155767651,0.417740519,2.761335637,21.83579257,5.494349882,14.86165,1.479792687,83.9,16.7,57.4,23.1,22714,37861,15.8,581.7,242.8,51.6,93,2.8,1.4,1.6,4.7,5.5,"Citrus County, FL",141236,18.41,10,9.298684471
38,10.5,4.856835984,0.026196526,0.356272758,0.576323579,3.898043119,26.91955047,6.465302701,19.08154979,1.37269798,89.8,22.9,71.1,22,26689,57858,9.2,604.36,315.8,51,81.8,9.9,2.9,2.9,7.7,5.9,"Clay County, FL",190865,17.29,10,5.825258691
46.9,12,3.651405822,0.024881811,0.17417268,0.727792983,2.724558348,19.23052998,4.229907937,14.00223936,0.998382682,84.7,30.7,60.8,31.9,36942,53934,12.6,1998.32,160.9,50.7,83.9,6.6,1.1,1.9,25.9,22.9,"Collier County, FL",321520,10.57,10,6.436445633
35.8,11.7,9.705379034,0.134218403,0.319347236,3.541745973,5.710067422,57.68267298,14.67377407,38.09257136,4.916327553,87.3,25.1,50.6,18.8,25948,47002,15.3,762.19,1133.9,51.5,60.9,29.5,4.2,2.9,7.6,8.3,"Duval County, FL",864263,15.39,10,10.759034
37.6,10.9,9.162721466,0.073920012,0.540960087,2.325120372,6.222720996,41.50608664,10.05648161,28.64400458,2.805600449,86.1,23.7,59.2,19.6,23154,40794,18.9,656.46,453.4,50.6,68.9,22.9,2.7,3.2,4.7,5.2,"Escambia County, FL",297619,12.1,10,12.89955614
47.7,14.5,3.756265265,0.023151096,0.457234139,0.526687425,2.749192606,35.94207596,10.06493882,23.82826517,2.048871963,85,16.1,51.2,20.7,22872,40352,13.1,472.54,365.6,52.2,89.5,5.1,1.1,2,10.3,6.8,"Hernando County, FL",172778,14.47,10,9.375082476
36.1,11.8,6.771740917,0.061014004,0.279037378,1.86702852,4.564661014,39.07580868,9.983518084,25.43389092,3.658399676,85.4,28.7,46,21.1,27252,47129,15.2,1020.21,1204.9,51.3,71.3,16.7,3.4,3.1,24.9,14.5,"Hillsborough County, FL",1229226,10.41,10,9.217340831
45.6,12,5.891224432,0.040396968,0.350107052,0.727145416,4.773574997,27.88064043,7.867309427,18.09784146,1.915489544,85.4,19.5,56.4,21.6,24768,42479,12.6,938.38,316.6,51.5,82,9.8,1.7,2.3,12.1,8.3,"Lake County, FL",297052,14.48,10,9.826195414
45.6,12.8,4.580172411,0.074342954,0.253735733,1.252517155,2.999576568,34.28179858,10.01852109,21.8503638,2.412913694,86.7,24.9,54.8,28.2,30363,45624,12.8,784.51,788.7,50.9,83,8.3,1.4,2.1,18.3,14.3,"Lee County, FL",618754,10.83,10,6.909358162
29.6,8.2,8.37789079,0.050819095,0.559010044,2.657112677,5.110948974,41.98020233,13.38720157,26.21902304,2.373977719,90.1,41,37.5,24.2,25467,40725,22.3,666.85,413.1,52.4,63,30.3,2.9,2.2,5.6,6.3,"Leon County, FL",275487,13.43,10,30.21768359
45.7,12.3,8.939606546,0.037170921,0.281879486,2.347963188,6.272592951,45.57154938,11.63449833,31.31030595,2.626745097,86.5,25.9,53.1,23.7,28418,45565,14.4,742.93,434.5,51.6,81.9,8.7,1.6,2,14.9,11.5,"Manatee County, FL",322833,14.56,10,7.732081293
47.3,13.8,6.266261795,0.066405472,0.498041039,0.941750327,4.760064957,25.16767382,7.13858822,16.50779661,1.521288991,84.1,16.8,55.3,25.3,22407,38988,15.9,1584.55,209.1,52,81,12.3,1.3,2.1,10.9,7.2,"Marion County, FL",331298,15.09,10,8.586592735
38.2,12.4,8.814569576,0.091330237,0.274391282,3.223396563,5.225451494,52.49886338,10.42686871,35.62279811,6.449196554,76.5,25.9,41.8,30.2,22619,41367,17.7,1897.72,1315.5,51.6,73.8,18.9,1.5,2.4,65,49.4,"Miami-Dade County, FL",2496435,10.37,10,10.85969953
38.3,8.1,3.810377056,0.016590902,0.309696829,0.768711772,2.715377554,30.63233456,5.790224641,23.21620157,1.625908352,90.5,27.5,72,24.7,28361,49215,12.5,930.25,194.4,49.8,81.1,9.3,2.9,3.9,6.8,6.6,"Okaloosa County, FL",180822,12.72,10,21.08210284
33.7,11.4,10.38085232,0.109951866,0.486057056,3.461738496,6.323104901,53.00290762,13.91850996,33.82503342,5.259364234,86.7,29.6,40.4,22.5,25778,46826,14.3,903.43,1268.5,50.8,63.6,20.8,4.9,3.4,26.9,18.4,"Orange County, FL",1145956,9.69,10,9.163021966
43.5,11.7,6.559182628,0.072719891,0.297697052,2.156599254,4.032166432,41.04280323,10.0338299,27.49645112,3.512522214,86.6,31.3,38.3,24.9,33586,49660,14.4,1969.76,670.2,51.6,73.5,17.3,2.4,2.3,19,21.2,"Palm Beach County, FL",1320134,11.97,10,8.078768519
43.6,13.1,4.043495009,0.051646557,0.296967702,0.865079826,2.829800924,37.51691963,10.31855166,24.56224163,2.636126336,85.4,18.9,51.2,20.3,23811,40289,13.2,746.89,622.2,51.4,88.2,4.5,2.1,2.2,11.7,9,"Pasco County, FL",464697,12.05,10,7.404020254
46.3,11.7,7.87634391,0.054552874,0.424421358,2.225757248,5.17161243,44.58169947,10.55816318,30.93802575,3.085510539,87.8,26.7,45.3,19.3,28872,43200,13.3,273.8,3347.5,52,82.1,10.3,3,2.2,8,11,"Pinellas County, FL",916542,13.75,10,11.30916314
39.8,12.5,4.701915811,0.073078169,0.272382265,1.165928965,3.190526412,39.0851942,11.01985567,25.35148108,2.713857448,82,18,52.6,21.7,22283,41913,16.8,1797.84,334.9,51,75.2,14.8,1.6,2.4,17.7,10.1,"Polk County, FL",602095,9.63,10,6.903520209
42.2,9.5,3.699240682,0.021048311,0.110503633,0.373607523,3.194081215,28.209999,5.709354396,21.10093191,1.399712691,91.7,37.6,65.4,19.8,36198,62180,8.7,600.66,316.4,51.4,89.3,5.6,2.1,1.8,5.2,6.4,"St. Johns County, FL",190039,14.21,10,6.935265919
42.4,14.1,5.428580685,0.0395984,0.352785747,1.252749389,3.783447149,30.59876381,9.212027834,19.97199313,1.414742844,82.9,18,43.5,24.4,23779,44545,15.6,571.93,485.7,51.1,71.8,19.1,1.6,2.6,16.6,15.5,"St. Lucie County, FL",277789,12.6,10,7.236600441
52.5,12.2,3.987371129,0.042166516,0.26617613,1.04362126,2.635407223,38.7826527,9.331976977,27.70076532,1.749910396,89.9,28.9,49.6,25.4,32768,45953,12.7,555.87,682.6,52.3,90.2,4.7,1.3,1.6,7.9,11.7,"Sarasota County, FL",379448,11.6,10,10.25429044
38.2,10.7,3.988474586,0.035484649,0.205810966,1.045614334,2.701564636,29.67226378,7.231771536,19.96129808,2.479194167,90.6,33.2,51,21.2,29741,56201,10.4,309.22,1367,51.6,78.2,11.1,3.7,2.9,17.1,11.5,"Seminole County, FL",422718,8.99,10,5.129914033
45.3,12,5.988762477,0.030327967,0.32754204,1.461807992,4.16908448,38.87843136,10.31353052,25.6331974,2.931703441,86.7,20.5,46.7,22.5,24474,41390,15.2,1101.03,449.2,51.1,82.5,10.5,1.5,2.1,11.2,7.5,"Volusia County, FL",494593,15.97,10,8.714524872
35.6,10.6,6.904665471,0.14143635,0.379306576,2.841584859,3.542337686,67.77372756,16.43233235,44.46244543,6.878949771,80.6,22.7,40.7,14.9,21269,37367,21.8,249.76,622.8,52.9,43.2,52.1,1.6,1.4,2.8,2.7,"Bibb County, GA",155547,20.57,38,11.00277087
34,9.1,5.725536345,0.09806584,0.188588154,3.243716243,2.195166108,50.17953592,12.66935216,32.31646601,5.193717751,87.1,29,42.5,20.4,25240,42431,16.3,426.44,621.7,51.8,52.8,40.1,2.4,2.1,5.4,4.6,"Chatham County, GA",265128,13.2,38,13.10849099
31.6,12.4,7.100345381,0.123350191,0.373905267,3.44995066,3.153139262,55.07586037,19.20408289,28.75986802,7.111909461,82.9,17.5,16.6,18.2,18962,42975,16.4,141.57,1832.5,52.1,18.9,66.1,5,2.5,13.7,13.3,"Clayton County, GA",259424,9.25,38,4.925218947
35.4,9.7,3.332471028,0.034879767,0.186025422,1.405363927,1.706201913,28.13198504,7.193951848,18.17235837,2.765674822,90,43,54.2,18.1,32713,62893,11.4,339.55,2026.4,51.4,62.2,25,4.5,2.7,12.3,14.8,"Cobb County, GA",688078,7.99,38,9.782213644
34.3,10.4,8.356783491,0.169101292,0.290507347,4.954523315,2.942651537,64.11829575,18.94223529,34.44896827,10.72709219,87,37.6,20.3,17.2,28064,50092,17,267.58,2585.7,52.1,33.3,54.3,5.1,2.4,9.8,16.2,"DeKalb County, GA",691893,14.6,38,7.438166017
34.2,10.6,10.70519596,0.143387708,0.275912712,4.920805448,5.36509009,68.35248609,17.74422892,40.65367415,9.95458303,87.8,45.8,32.1,17,36412,56313,17.6,526.64,1748,51.3,44.5,44.1,5.6,2.2,7.9,11.9,"Fulton County, GA",920581,15.53,38,18.06923237
33.7,9.2,3.224801042,0.048427894,0.193711576,1.774447705,1.208213868,28.49919473,8.216599344,17.29993382,2.982661572,87.6,35.2,54.7,22.2,27301,58732,13.7,430.38,1871.2,50.7,53.3,23.6,10.6,3.1,20.1,23.1,"Gwinnett County, GA",805321,8.2,38,2.794488161
35.3,10.4,2.652975157,0.019615343,0.117692059,0.818940575,1.69672718,27.79003737,6.384794186,18.72284501,2.682398172,89.3,23.5,53.4,16.2,25990,63892,7.6,322.13,633,52,55,36.9,2.9,2.4,5.8,6.3,"Henry County, GA",203922,10.79,38,3.812266455
34.5,7.6,3.230879199,0.057183703,0.157255182,0.75768406,2.258756254,39.40671909,8.3845604,29.15654039,1.865618299,88,25.1,59.7,18.4,25192,50733,13.7,375.54,372.5,51.3,63.3,28.6,2.4,2.8,6.1,4.1,"Houston County, GA",139900,15.01,38,17.86884918
33.5,9.4,6.71459041,0.157990363,0.37917687,3.344129341,2.833293836,76.84124602,17.23674856,51.12041499,8.484082471,83.9,22.1,39.9,15.3,21717,39060,17.5,216.39,877.5,52.1,46.3,45.5,2.2,3,6.4,4,"Muscogee County, GA",189885,15.27,38,25.22886484
33.2,10.3,5.659464769,0.099726251,0.723015323,3.60510399,1.231619205,71.18459828,17.66151913,45.15604665,8.367032496,81.6,19.7,33.8,18.2,20135,34552,22.6,324.33,618.4,51.6,39.7,54.2,1.7,2.6,4.1,3.3,"Richmond County, GA",200549,16.95,38,12.49804786
37.8,5.6,2.701406935,0.018883621,0.212965285,0.973555587,1.496002442,33.34113157,6.682703757,22.52711111,4.131316702,89.7,30.7,28.7,8.2,29221,67019,9.7,600.74,1586.7,49.9,20.8,2,43.9,22.3,8.1,18.4,"Honolulu County, HI",953207,2.83,4,18.24676592
34.7,6.1,4.017276612,0.037154003,0.60607468,0.866152703,2.507895226,34.89225339,6.497306335,26.14712985,2.247817202,90.9,33.4,41.8,9.7,29592,54948,10.9,573.8,750.5,51,84.7,6,3.5,2.4,7.6,7,"Polk County, IA",430640,6.5,13,10.7820639
34.8,8.9,2.273393396,0.015291884,0.318580913,0.234475552,1.705045047,21.94640195,4.656378627,16.43622647,0.853796847,92.5,34.2,52,13.9,27805,53828,11.8,1052.58,372.8,49.9,90.3,1.1,2.4,2.8,7.1,6.2,"Ada County, ID",392365,9.43,49,8.402648045
38.9,11,4.678903057,0.014441059,0.541539706,0.202174823,3.920747469,21.68324982,5.083252704,15.35084552,1.249151588,90.8,22,62,15.8,23846,47196,13.8,1244.13,111.3,50.7,94.5,0.3,0.7,2.4,3.8,2.6,"Kootenai County, ID",138494,15.16,49,10.7324144
35.3,10.5,7.129223676,0.103182586,0,3.466049368,3.559991722,30.99173673,6.069484616,20.78532343,4.136928682,82.7,32.7,22.8,17.4,29021,52516,16,945.33,5495.1,51.6,55.4,24.8,6.2,2.5,24,20.5,"Cook County, IL",5194675,11.18,6,8.844578535
38.2,8.3,0.719797933,0.008724823,0,0.185402498,0.525670612,11.13614651,1.670803687,9.042188884,0.423153936,91.8,44.4,43.9,11.3,37592,73554,6.7,327.5,2799.8,51,77.9,4.6,10.1,2.2,13.3,17.9,"DuPage County, IL",916924,4.25,6,7.767163909
34.5,10.3,1.556468563,0.005822202,0,0.359035766,1.191610596,12.98545032,2.546242836,9.740543289,0.698664193,83.1,30.9,43.4,16,28980,66604,9.4,520.06,990.8,50.2,74.6,5.7,3.5,2.6,30.7,17.3,"Kane County, IL",515269,4.27,6,5.03022693
36.7,10.5,0.916893876,0.009950786,0,0.228868084,0.678075006,11.12640057,2.126625177,8.624488601,0.375286796,88,40.9,39.6,13.1,37970,76336,7.6,443.67,1585.6,50.1,75.1,7,6.3,2.6,19.9,17.9,"Lake County, IL",703462,5.54,6,6.015624156
38,9.6,0.427516518,0.006477523,0,0.058297707,0.362741288,5.742324135,0.731960098,4.932633761,0.077730276,91.1,31.2,46.6,13.3,31766,74669,6.6,603.17,511.9,50.1,90.1,1.1,2.5,1.7,11.4,10,"McHenry County, IL",308760,6.48,6,3.850735199
36.9,10.9,0.481381639,0.022217614,0,0.155523299,0.303640726,8.59451373,1.570044731,6.572710845,0.451758154,86.6,23.2,38.1,12.7,24316,46368,17.1,657.76,410.6,51.9,64.6,30.5,1.2,2.2,3.3,2.4,"St. Clair County, IL",270056,14.44,6,13.10778135
39.2,8,8.315397665,0.020256754,0,1.671182235,6.623958676,36.0874079,8.882586788,25.57921657,1.625604538,90.2,29.9,47,10.4,27907,52581,13.1,868.3,227.4,52,83.6,11.8,1.6,2.2,1.8,2.5,"Sangamon County, IL",197465,11.65,6,27.91519003
35.4,10.4,1.185134896,0.010331188,0,0.355688057,0.81911565,11.01304682,1.970305213,8.678198241,0.364543361,89.1,29,42.8,12.1,29207,72478,7,836.91,809.6,50.3,76,11.2,4.6,2.3,15.6,11.2,"Will County, IL",677560,5.46,6,3.459780684
38.3,15.2,8.084235909,0.08128264,0.443667744,2.069320545,5.489964981,41.81653153,12.19916956,26.65054561,2.966816362,83.8,20.5,42.8,13.3,23773,44390,17.7,513.36,575.2,51.1,77.4,12.2,2.3,2.8,10.9,7.6,"Winnebago County, IL",295266,9.82,6,6.447786064
35.3,10.5,2.490649511,0.070357331,0.329272308,1.398703737,0.692316135,33.19740297,7.601406021,23.40366252,2.192334428,87.9,24.7,51.8,13.8,24140,47284,14.6,657.31,540.6,51.3,79.3,11.7,2.7,2.9,6.5,5.2,"Allen County, IN",355329,11.26,30,8.633469264
37.4,11,4.342698158,0.175401458,0.252013589,1.558452032,2.35683108,36.91696656,7.77411518,24.49572081,4.647130573,85.2,18.3,32.5,13.4,22973,47054,16.4,498.96,994.1,51.7,64.4,25.9,1.2,2.4,16.7,6.4,"Lake County, IN",496005,19.76,30,8.077795587
33.9,10,10.99410777,0.129511741,0.534651032,4.624786776,5.70515822,57.51428227,16.40371356,33.67194565,7.438623058,84.1,27.7,35.4,13.1,24682,41201,19.7,396.3,2279.6,51.8,62.7,26.7,2,2.8,9.3,6.8,"Marion County, IN",903393,16.27,30,14.51592275
36.2,11.5,4.311975754,0.059940584,0.367136076,1.899367252,1.985531842,47.26689669,12.82728495,31.30022365,3.139388082,86.1,25.7,41,13.6,23136,43544,16.4,457.85,583,51.5,78.7,12.7,1.9,2.9,7.3,5.4,"St. Joseph County, IN",266931,10.11,30,11.29705804
36.4,6.5,2.592896823,0.012863414,0.281157487,0.286670379,2.012205543,22.30332299,2.967773472,17.68903247,1.646517047,95.3,50.5,53.8,9,37118,72006,6.8,473.38,1149.6,51.2,86,4.3,4.2,2.5,7.2,7.5,"Johnson County, KS",544179,7.72,37,4.664976046
34.2,8.7,6.613626559,0.060196844,0.618020928,0.989234798,4.946173989,44.61589397,8.983375638,31.64548072,3.987037613,88.1,27.2,55.4,14.7,25241,48071,13.5,997.51,499.6,50.6,76.3,9.3,4.1,4,13,7.2,"Sedgwick County, KS",498365,9.23,37,9.305962497
38.1,6.9,4.422988299,0.061820675,0.28662313,1.607337552,2.467206942,51.43480167,11.09962121,35.91781222,4.417368238,89.6,28.5,49.3,11,25506,46194,16.6,544.02,327.1,51.7,81.2,8.6,1.2,4.1,10.8,4,"Shawnee County, KS",177934,16.3,37,16.18493374
32.8,10.4,4.882384686,0.152376115,0.419034316,1.492016126,2.818958128,43.46528682,10.2028507,25.51665027,7.745785848,78.9,15.3,28.9,15.9,18849,37341,21.4,151.6,1039,50.7,54.6,25.2,2.5,3.7,26.4,12.1,"Wyandotte County, KS",157505,15.87,37,10.26404876
33.7,8.1,6.091892239,0.04056754,0.469907337,1.801874896,3.779542466,35.08754137,7.741638861,25.2803386,2.065563906,87.5,39,46.9,19.6,27878,46386,17.4,283.65,1042.8,50.8,75.7,14.5,3.2,2.5,6.9,8,"Fayette County, KY",295803,9.8,46,10.26389861
37.9,10.6,6.225914052,0.098502758,0.313049861,2.623141941,3.191219491,43.75546488,10.71386163,29.14602157,3.895581679,86.6,28.1,43.5,14.3,26400,44516,15.8,380.42,1948.1,51.7,72.7,20.8,2.2,2.2,4.4,5.1,"Jefferson County, KY",741096,12.95,46,12.71083773
36.4,7.4,8.095101757,0.105895226,0.458879315,1.906114077,5.62421314,45.25256012,10.73463833,30.74883613,3.769085654,83.2,22.3,48.1,23.9,22323,38095,16.9,878.54,290.2,52.5,49,47.2,1.1,1.5,2.4,1.8,"Caddo Parish, LA",254969,18.04,28,8.239582067
35.9,7,4.518384794,0.077813745,0.342380478,1.006391102,3.091799469,31.61831839,12.31013446,17.22277556,2.085408367,81.2,19.3,61.4,23.9,23514,43534,16.4,1063.66,181.2,51.2,70.8,24.8,1.1,1.9,2.6,1.7,"Calcasieu Parish, LA",192768,17.64,28,7.477148697
32.6,7.2,8.09230958,0.195378614,0.20900968,2.912504458,4.775416827,49.53302239,14.20584273,31.98075293,3.34642673,87.1,32.2,48.3,21.4,25233,44720,17.5,455.37,966.6,52,48.8,45.3,2.8,1.3,3.7,4.3,"East Baton Rouge Parish, LA",440171,25.22,28,21.02347724
38.4,6.9,6.623481107,0.113281178,0.231186077,1.777820933,4.50119292,43.34507759,10.2484788,28.6878803,4.408718489,82.5,23,62.5,22.9,25196,46428,13.7,295.63,1463.1,51.4,62.9,26.3,3.9,2.1,12.4,9.4,"Jefferson Parish, LA",432552,22.89,28,9.916044776
33.2,5.7,7.676754912,0.058670085,0.437769093,1.719484786,5.460830949,40.21608643,9.12094161,27.89988176,3.195263068,84.6,27.7,64.9,25,26675,47901,13.7,268.72,824.6,51.2,69.4,25.8,1.5,1.6,3.9,3,"Lafayette Parish, LA",221578,14.44,28,5.80092789
34.4,7.2,1.999593833,0.039054567,0.187461922,0.39054567,1.382531673,27.3225751,8.420164654,16.98092575,1.921484698,83.2,15.6,85,23.3,22722,51946,12,648.17,197.5,50.5,91.9,5.1,0.5,1.1,3,1.2,"Livingston Parish, LA",128026,21.87,28,4.064932123
34.6,8.8,8.414066295,0.520607628,0.22104011,3.161455258,4.510963299,44.23128939,13.50962252,21.36527169,9.356395185,81.5,29.3,19.1,21.7,23559,35243,23.9,169.42,2029.4,51.6,33,60.2,2.9,1.7,5.2,5.1,"Orleans Parish, LA",343829,47.41,28,24.07525543
34.1,7.7,4.931043456,0.071558678,0.182149362,1.183970856,3.493364559,55.94587562,15.47619048,38.27738746,2.192297684,83.1,24.2,62.1,23,21158,37928,20.8,610.41,251.8,52.2,60.4,36.6,0.9,1.1,1.8,1.2,"Ouachita Parish, LA",153720,18.21,28,7.637275566
39.3,5.8,2.665354668,0.021391289,0.2438607,0.248138958,2.15196372,23.29083597,4.890048772,17.00179687,1.398990331,88.2,30.2,75.8,20.1,28587,58868,10.3,845.55,276.4,51.2,83.6,11.4,1.3,1.8,4.7,3.1,"St. Tammany Parish, LA",233740,11.98,28,5.92053136
39.8,11.2,6.033358564,0.029181904,0.333768022,1.263941198,4.406467439,27.00420402,7.103969651,17.85385338,2.046380988,79.5,24,37.2,7.9,27590,54048,11.1,553.1,991.3,51.6,88.4,3.3,1.9,2.6,6,12.4,"Bristol County, MA",548285,4.38,3,11.28570543
40.4,8.9,3.50126958,0.020184106,0.19242181,0.643200177,2.645463488,21.6198687,5.402612362,14.08043232,2.136824017,88,35.7,38.8,7.6,33432,62758,10.8,492.56,1508.8,52,81.9,3.8,3.1,2.6,16.5,13.6,"Essex County, MA",743159,3.23,3,12.68084353
38.6,10.2,6.643077521,0.038835789,0.511337893,1.592267363,4.500636475,32.99316059,8.325961725,21.37478694,3.292411918,83.2,23.6,36.1,7.3,24556,46646,17.2,617.14,751,52,76.5,9,2,2.9,20.9,8.4,"Hampden County, MA",463490,5.61,3,9.286521824
38.5,7,2.6525446,0.010644774,0.164328697,0.598768533,1.878802596,20.01882794,4.114205118,14.43897052,1.465652308,91.3,48.4,33.9,8.5,39322,77672,7.4,817.82,1837.9,51.4,80,4.7,9.3,2.5,6.5,17.6,"Middlesex County, MA",1503085,2.33,3,13.40184421
31.5,8.1,11.06474447,0.092794828,0.408574242,3.973557629,6.589817776,37.82566483,6.143848603,27.63069875,4.051117485,83.2,39.6,21.2,8.8,31080,53751,17.3,58.15,12415.7,51.8,56,21.6,8.2,3.9,19.9,26.9,"Suffolk County, MA",722023,9.69,3,23.10941757
39.2,9.3,4.261463248,0.018783999,0.205371723,0.687494365,3.349813162,20.43699095,5.385998658,13.37045052,1.680541781,88.1,32.2,41.8,7,29882,62885,9.4,1510.77,528.6,50.8,85.6,4.2,4,2.3,9.4,10.4,"Worcester County, MA",798552,3.38,3,7.916019245
38.4,6.8,5.791807401,0.040918357,0.202731858,1.506539497,4.041617689,35.90027824,6.359084619,26.60065172,2.940541908,89.9,35.3,50,13.2,37823,79843,6.8,414.9,1295.9,50.6,75.4,15.5,3.4,2.9,6.1,6.6,"Anne Arundel County, MD",537656,6.51,7,15.26899914
39.1,8,6.125245178,0.03850793,0.188813074,2.148990906,3.748933268,33.6000318,5.525266792,24.42272266,3.652042349,88.3,34.3,41.7,12.9,33158,64629,8.3,598.3,1345.5,52.7,64.6,26.1,5,2.4,4.2,9.5,"Baltimore County, MD",805029,7.33,7,11.39010893
38.5,5.6,2.2957942,0.021609896,0.139949803,1.226618864,0.907615636,26.57193986,3.869200444,20.24950169,2.453237728,91.1,56.1,27,14.7,46122,93774,6.7,491.25,1978.2,52,57.5,17.2,13.9,4,17,29.6,"Montgomery County, MD",971777,3.29,7,21.26438679
34.9,7.4,8.570568206,0.141298557,0.289546223,4.360566121,3.779157305,50.79914758,9.507539784,30.01551968,11.27608811,86.1,29.9,10.4,20.2,30917,69545,7.8,482.69,1788.8,52,19.2,64.5,4.1,3.2,14.9,18.2,"Prince George's County, MD",863420,12.86,7,16.07540131
34.4,10.9,16.33274876,0.378445667,0.220625772,6.539863212,9.193814104,50.85987687,12.74798256,29.17252452,8.939369783,76.9,24.9,11.7,14.2,22911,38458,20.9,80.94,7671.5,52.9,29.6,63.7,2.3,2.1,4.2,6.2,"Baltimore city, MD",620961,26.57,7,27.48556834
39.2,10.9,7.22019009,0.044070336,0.734505604,1.101758406,5.339855743,41.68319304,11.43625226,28.65306362,1.593877161,86.5,18.8,44.5,9.8,22521,39130,17.4,706.23,192.8,51.1,82.2,10.9,1.6,3.1,4.5,3.5,"Calhoun County, MI",136146,14.69,12,10.88397015
38.5,13.7,7.668099298,0.086897297,0.568355293,2.205312478,4.80753423,36.38883017,12.84905705,19.77735503,3.762418093,87.5,18.8,32.9,12.8,23093,41586,19.3,636.98,668.5,51.8,74.5,20.7,0.9,2.6,3,2.5,"Genesee County, MI",425790,18.32,12,8.810298504
31.4,10.4,5.628437672,0.03916054,0.537567418,1.14277577,3.908933943,30.98666762,7.995870343,21.39589526,1.59490201,90.7,34.9,32.6,14.9,23669,42990,19.1,556.12,505.1,51.4,76.2,11.8,5.2,4,7.3,7.8,"Ingham County, MI",280895,7.83,12,23.48211965
34.1,10.2,4.605901786,0.011984133,0.511323008,1.262328677,2.820265968,38.28131554,9.695163603,26.62874354,1.957408391,91.5,33.3,39.4,12.7,24560,42336,19.6,561.66,445.7,51,81.7,10.9,2.1,3.3,4,4.4,"Kalamazoo County, MI",250331,8.39,12,8.611877874
34.4,10.2,5.059556405,0.02986947,0.424810246,1.627886138,2.976990551,31.85744961,7.273216046,23.01774578,1.566487782,87.6,29.4,48.9,12.2,25018,47684,14.5,846.95,711.5,51,79.9,9.7,2.3,3,9.7,7.7,"Kent County, MI",602622,4.15,12,5.995131276
39.9,13.7,3.34015872,0.014269101,0.351971157,0.661135012,2.31278345,24.81753387,5.025101727,16.09792408,3.694508061,87.3,21.5,44.8,11.6,27037,50709,10.9,479.22,1754.9,51.4,85.4,8.6,3,2.1,2.3,9.4,"Macomb County, MI",840978,8.68,12,9.429567718
40.2,12.1,3.201198973,0.030772762,0.286935216,0.746031561,2.137459434,22.98974851,5.020118733,15.47204586,2.497583922,91.8,41.6,42,10.2,36318,62626,9.7,867.66,1385.7,51.5,77.3,13.6,5.6,2.2,3.5,11.3,"Oakland County, MI",1202362,7.15,12,7.394004468
39.5,11.8,11.74007963,0.099915571,0.509569414,1.95334942,9.177245228,32.90719342,12.3295815,18.61926672,1.958345198,86.3,17.9,40.6,9.8,21665,39364,22.2,800.11,250.2,51.7,74.6,19,1.1,2.5,7.8,1.9,"Saginaw County, MI",200169,10.99,12,9.102348516
33.3,8.1,3.976321888,0.034803693,0.379940312,0.864291701,2.697286182,27.87195721,6.751916378,19.33345128,1.786589557,93,50.2,28.8,14.4,30792,54939,14.2,705.97,488.4,50.7,74.5,12.7,7.9,3.4,4,10.9,"Washtenaw County, MI",344791,6.09,12,10.22946075
37.3,14.5,12.05437376,0.187302536,0.34878918,4.105276109,7.413005937,47.12334064,13.57970849,22.06270076,11.48093139,82,19.3,24.7,13.2,21691,38256,24.2,612.08,2974.4,52,52.3,40.5,2.5,2.4,5.2,7.9,"Wayne County, MI",1820584,20.1,12,10.7689637
36.8,7,0.863124511,0.007527249,0,0.333708023,0.521889239,26.30020675,3.472570706,21.706076,1.121560047,94.5,37.9,46.3,8.5,34108,69807,6.1,562.17,709,50.9,85.2,4.7,4.4,2.9,6,7.4,"Dakota County, MN",398552,6.52,15,5.409753307
35.9,6.9,5.150877497,0.041651301,0.318458902,2.178883658,2.611883637,37.48356726,7.79573508,26.66984836,3.017983817,92.2,43.7,34.8,9.6,35687,61651,11.9,553.59,2081.7,50.9,74.4,11.8,6.2,3.2,6.7,11.9,"Hennepin County, MN",1152425,6.77,15,9.634938499
34.6,7.3,4.826596414,0.047184649,0.289005977,1.669156968,2.82124882,38.40437244,7.907360805,25.70973577,4.787275873,90.1,38.9,32.1,10.1,29045,48008,16.4,152.21,3341.7,51.5,70.1,11,11.7,3.5,7.2,11.7,"Ramsey County, MN",508640,4.72,15,13.44533855
36.2,8.8,7.389417813,0.112643564,0.441562772,2.270894255,4.564317222,39.41623599,9.754932662,24.39409027,5.267213063,91,29.4,49.7,12.1,27828,57983,7.9,397.3,558.6,51.2,87.5,5.2,2.1,2.7,5.9,4.2,"Clay County, MO",221939,13.07,39,4.199694511
35.8,8.4,4.491703431,0.036340643,0.41791739,1.133828051,2.903617348,60.79062702,9.383153932,47.03569378,4.371779311,88.1,26.9,57.2,15.4,23282,37986,18.2,675.3,407.5,51.3,91.2,2.9,1.6,2.6,3,2.6,"Greene County, MO",275174,11.99,39,7.136244703
36.2,11,8.575141139,0.142399853,0.4197829,2.674447236,5.33851115,52.42242916,12.31610394,33.40018215,6.70614307,86.8,26.9,49.9,14.8,24817,45798,15.3,604.46,1115.3,51.7,66.9,23.9,1.6,3.1,8.4,5.6,"Jackson County, MO",674158,21.51,39,13.21698771
37.8,10.3,2.871080267,0.027430703,0.274307032,0.196586706,2.372755826,27.52671065,2.852793131,23.38010268,1.293814834,84.6,16.2,48.1,13.4,24609,53939,10.5,656.63,333.1,50.2,96.5,0.8,0.6,1.3,1.6,1.9,"Jefferson County, MO",218733,11.43,39,4.884375014
36.9,8.7,1.864155235,0.013870203,0.144250107,0.233019404,1.473015521,21.61809784,2.984867609,17.86482101,0.768409226,91.8,32.6,54.4,10.1,30517,68669,5.1,560.44,643.2,50.9,90.7,4.1,2.2,1.8,2.8,3.2,"St. Charles County, MO",360485,7.77,39,5.466715675
39.9,9.4,3.552716141,0.044046072,0.200209419,1.012058613,2.296402037,34.72332059,7.060385163,24.32644546,3.336489969,90.4,38.5,39.6,11,33236,56939,9.6,507.8,1967.2,52.7,70.3,23.3,3.5,1.9,2.5,6,"St. Louis County, MO",998954,12.31,39,12.76109911
33.9,12.3,23.40789367,0.541820391,0.761054076,8.268241808,13.83677739,97.39613021,22.89112855,56.07997645,18.42502521,79.5,25.5,15.5,12.8,20818,34065,26.5,61.91,5157.5,51.7,43.9,49.2,2.9,2.4,3.5,6.3,"St. Louis city, MO",319294,36.33,39,32.47830213
35,7.8,1.506958053,0.062014735,0.173641257,0.6077444,0.663557661,31.80735743,4.644903629,24.92372188,2.238731923,86.8,20.6,68.7,18.6,24435,55160,9,476.15,338.7,51.3,72.2,21.9,1.3,1.6,5,3.3,"DeSoto County, MS",161252,14.26,47,4.019261777
35.3,8.9,1.491141338,0.080168889,0.171026963,0.769621336,0.47032415,32.7516635,7.573287726,22.87485636,2.303519414,83.6,19.7,62.6,21.1,22444,42337,18.2,573.99,326,50.3,69.7,22.1,2.8,2.7,5.3,4.5,"Harrison County, MS",187105,13.36,47,12.9355549
33.1,9.5,7.130480869,0.26907475,0.627841083,4.015736796,2.217828241,58.34029802,19.15730681,31.74266669,7.44032452,83.9,27.9,30.3,20.7,20992,36751,23.3,869.74,282,53,28.4,69.1,0.8,0.9,1.5,1.6,"Hinds County, MS",245285,19.98,47,16.38341113
41.2,11.8,3.794210804,0.021995425,0.340929087,0.186961112,3.24432518,34.93973254,4.816998064,27.78022171,2.342512757,91,26.4,58.4,18.2,23612,45594,13.5,5087.66,17.9,50.2,95.5,0.2,0.6,2.1,2.3,1.9,"Flathead County, MT",90928,22,41,6.931550238
40.6,8.4,3.419800435,0.029372519,0.247568375,1.292390839,1.850468701,29.53196989,7.842462592,18.96625517,2.723252125,86.3,30.6,42.4,18.6,26209,40979,16.2,656.67,362.9,51.8,87.4,6.4,1,2.1,6,4.9,"Buncombe County, NC",238318,13.01,23,8.252305743
36.7,11.3,2.168405323,0.089882086,0.213469954,0.769615361,1.095437922,29.06000191,7.583801001,19.23476639,2.241434518,85.1,22.2,58.9,18.2,26128,52988,11.4,361.75,492.1,51.2,75.4,15.3,2,2.1,9.4,6.3,"Cabarrus County, NC",178011,11.24,23,5.085095865
39.6,13.1,3.608494539,0.077741355,0.220267171,1.114292748,2.196193265,39.84892263,9.704712422,27.42974125,2.714468962,79.8,19,61.9,17.2,22789,42100,14.4,398.72,387.1,51,81.7,8.4,3.5,1.9,8.4,7.6,"Catawba County, NC",154358,15.55,23,6.042628176
31,9.4,7.842069179,0.112700395,0.341231753,2.732984588,4.655152443,62.82107873,17.54995602,41.15755828,4.113564432,88,21.2,40.9,16.3,21728,41163,17,652.32,489.7,51.7,51.4,36.7,2.2,4.6,9.5,4.7,"Cumberland County, NC",319431,14.71,23,40.48300259
40.3,12.5,2.658431464,0.018418694,0.135070421,0.65693341,1.848008939,30.5259151,9.964513317,18.5476246,2.013777183,77.6,15.4,66.2,16.6,22042,43420,14.6,552.68,294.7,51,84.3,8.9,1.2,1.5,6.4,4.2,"Davidson County, NC",162878,12.28,23,5.084928597
33.2,8,7.160288056,0.093427558,0.287756879,3.449345447,3.329758172,52.47639086,14.6232814,34.19074918,3.662360279,86.1,44,23.6,18.2,27698,48770,16.4,285.98,935.7,52.3,46.4,38,4.6,2.6,13.5,13.2,"Durham County, NC",267587,10.84,23,16.43748015
37.2,9.9,7.117803063,0.057033678,0.390680697,2.264237032,4.405851655,54.8863604,15.94946816,35.27533008,3.661562152,86.3,30.8,44.3,17.3,26189,45769,16.5,408.15,859.2,52.5,62.3,26,1.9,2.2,11.9,8.1,"Forsyth County, NC",350670,10.55,23,7.394881227
38.9,12.2,5.031879895,0.058228118,0.237764817,1.387770154,3.348116806,40.36664305,10.23844414,26.48894151,3.639257397,77.7,17.3,62.2,14.9,21955,40940,15.6,356.03,578.8,51.6,78.2,15.3,1.2,1.8,5.9,4.5,"Gaston County, NC",206086,17.47,23,6.444945314
36.3,10.9,6.341035941,0.075756645,0.331691257,2.764093807,3.169494232,49.83968256,15.93551267,30.46645619,3.437713705,86.3,32.2,40.4,17.8,26389,44386,17.1,645.7,756.4,52.4,57,32.5,3.9,2.3,7.1,8.5,"Guilford County, NC",488406,7.99,23,7.255054197
33.5,11.2,3.14794468,0.026160205,0.226721777,0.627844922,2.267217775,28.71518513,9.905997663,16.53324962,2.275937843,80.7,16,57.9,21.5,19338,42792,17.3,594.99,192.7,51,68.3,20.9,0.9,3.1,10.8,6.1,"Harnett County, NC",114678,19.18,23,5.634341373
36.3,9.8,2.836367082,0.023685738,0.290150286,0.799393645,1.723137413,29.14530016,9.95393124,16.87608806,2.315280854,80.1,18.8,61.4,21.7,22661,49501,17.4,791.3,213.4,50.8,74.2,15.1,0.6,2,12.9,7.3,"Johnston County, NC",168878,12.44,23,5.344284039
33.9,10.9,8.051081524,0.093516074,0.318607089,3.358966887,4.279991475,55.95197188,13.98826482,35.96671698,5.996990087,89.1,40.5,37.4,19.1,32432,53158,14.2,523.84,1755.5,51.6,55.3,30.8,4.6,2.6,12.2,12.6,"Mecklenburg County, NC",919628,10.98,23,5.328292527
25.7,8.5,3.375109691,0.061877011,0.337510969,0.804401143,2.171320568,33.27858155,9.472807866,21.8707108,1.93506289,88,16.8,60.3,22,20783,41161,15.1,762.74,233.1,46.4,74,15.6,1.9,4.4,10.1,4.1,"Onslow County, NC",177772,14.63,23,16.5300216
31,10.1,5.863881818,0.041629993,0.142731403,1.766301116,3.913219307,48.48109998,15.28415444,30.71698742,2.479958132,85,28.7,45.3,19.5,21622,36339,25.5,651.98,257.9,52.8,58.9,34.1,1.6,2,5.5,4,"Pitt County, NC",168148,11.89,23,6.534350691
34.4,12.6,8.847117047,0.186333552,0.245960289,2.638483096,5.776340111,59.82797686,24.61838889,29.86554171,5.34404627,68.8,12.7,42.7,18.4,15128,27421,31.1,949.22,141.3,51.4,29,24.3,0.7,2.5,8.1,5.5,"Robeson County, NC",134168,24.6,23,9.201366943
34.4,8.4,3.190923792,0.047725121,0.172032413,1.382918624,1.588247633,24.77266749,5.603817122,17.58837194,1.580478428,91.2,47.5,42.3,16.3,32234,63770,10.2,835.22,1078.8,51.3,66.3,20.7,5.4,2.5,9.8,11.8,"Wake County, NC",900993,5.77,23,9.265899957
33.5,5.3,5.461120458,0.085088279,0.357757537,1.856471544,3.161803098,38.99363772,6.760650539,26.77766819,5.455318984,89.6,34.7,46.9,11.6,27119,49944,12.8,328.46,1574.4,50.8,76.4,11.6,2.7,2.8,11.2,7.9,"Douglas County, NE",517110,10.44,32,8.235435401
39.3,6.3,2.046311523,0.014973011,0.299460223,0.583947435,1.147930855,22.37966066,3.483720594,17.49596353,1.399976542,90.2,34.1,47.5,12.2,32039,64455,8.8,876.14,457.4,50.5,90.4,2.1,3.2,2,5.3,8.2,"Hillsborough County, NH",400721,6.24,25,8.368148912
42.2,6.3,1.161833597,0.00677454,0.182912578,0.172750768,0.799395711,15.03609136,2.157690966,12.12981373,0.748586662,93,36,48.8,10.1,35016,70196,6.1,694.72,425,50.6,95.5,0.7,1.7,1.4,2.1,4.7,"Rockingham County, NH",295223,9.48,25,6.882319467
39.9,12.4,4.811527268,0.076489078,0.244036584,1.919511635,2.571489971,34.0959173,6.741965915,25.70033036,1.653621029,84.4,23.8,41.9,15.8,27634,51585,10.9,555.7,494.1,51.5,65.4,16.1,7.5,3.2,16.8,14.5,"Atlantic County, NJ",274549,9.47,2,8.615831782
41.1,8.1,1.045169901,0.006628985,0.030935261,0.367908644,0.639697011,14.38268686,2.142266848,11.31236217,0.92805784,90.5,44.2,44.9,15.8,42174,80604,6.6,233.01,3884.5,51.8,71.9,5.8,14.5,2.5,16.1,28.6,"Bergen County, NJ",905116,3.09,2,6.53159595
37.9,10.6,6.029315282,0.124596764,0.336800628,2.488041631,3.07987626,35.44193888,7.756148558,24.00629214,3.679498187,84.7,27.5,31.3,15.3,29112,60445,11.3,221.26,2321.5,51.8,65.3,19.6,5.1,2.6,14.2,9.6,"Camden County, NJ",513657,8.96,2,9.128439795
36.4,11,6.973490023,0.137760549,0.182405172,3.48355611,3.169768192,30.32900536,6.611230801,15.87817886,7.839595698,81.1,30.7,23.4,19.2,30991,53712,14.4,126.21,6211.5,52,42.6,40.9,4.6,3.2,20.3,23.3,"Essex County, NJ",783969,13.65,2,10.75728377
34.2,10.8,5.652202704,0.05360527,0.126130046,2.943559957,2.52890743,24.77194111,5.524496032,15.87819621,3.369248864,79.8,33.4,26.2,23.8,30573,55767,14.6,46.19,13731.4,50.5,54,13.2,13.4,4.4,42.2,39.7,"Hudson County, NJ",634266,4.1,2,7.888045394
37.8,7.8,4.032599117,0.065481988,0.15006289,1.991743813,1.825310426,22.11654157,4.78018515,14.98446167,2.351894749,86.6,38.7,31.4,16,35870,70570,10.8,224.56,1632.2,51.2,61.4,20.3,8.9,2.8,15.1,18.5,"Mercer County, NJ",366513,7.09,2,18.1656476
42.6,10.1,1.385788642,0.008672019,0.093657806,0.371162415,0.912296403,20.70878146,4.101865004,15.93396778,0.672948677,88.5,24.2,58.6,13.5,29922,59456,8.2,628.78,917,52.1,91,3.2,1.7,1.5,8.3,7.4,"Ocean County, NJ",576567,4.51,2,8.156021763
36.1,11.3,5.05560366,0.055863024,0.097760292,2.45797305,2.444007294,23.63604442,5.422703531,14.9214127,3.291928192,79.9,24.3,38.7,19.7,25808,51933,16.5,184.59,2715.3,51.5,62.6,12.8,5,3.7,37,26.7,"Passaic County, NJ",501226,5.99,2,7.322854361
38,9.6,4.259094612,0.0410066,0.136067355,2.536817403,1.545203253,26.93015271,4.980437988,17.97021057,3.979504156,84.2,31.3,35.5,22.9,33670,64588,9.5,102.86,5216.1,51.6,61.3,22.1,4.6,3.1,27.3,27.5,"Union County, NJ",536499,5.03,2,6.954434211
35.8,8.5,8.793112816,0.081501561,0.645975332,2.262422951,5.803212973,53.68085196,11.01025712,34.82078712,7.849807717,86,31.6,38.7,22.8,25830,45550,15.6,1160.83,570.8,51,69.4,3,2.3,4.4,47.9,10.7,"Bernalillo County, NM",662564,12.07,45,14.44848045
32.4,8.2,4.134147099,0.043014247,0.324996535,0.444480555,3.321655762,30.54967429,6.777133626,21.63138702,2.141153642,74.4,25,40.5,33.5,17639,35541,24.8,3807.51,55,51,74.1,1.7,1.1,3,65.7,18.6,"Dona Ana County, NM",209233,12.43,45,9.857331301
33,9.6,6.959183046,0.06151764,1.153455753,0.376795546,5.367414106,22.82304451,8.912368122,11.88059426,2.030082126,80,14.2,59.9,30.2,20029,46007,20.6,5513.07,23.6,50.4,51.6,0.6,0.4,3.5,19.1,3.2,"San Juan County, NM",130044,17.69,45,7.657915782
35.5,15.2,8.055270698,0.069698232,0.451501049,2.947312749,4.586758668,35.21144445,9.73366563,18.32294778,7.154831036,83,21.3,39.5,20.8,27395,53512,12.4,7891.43,247.3,49.7,60.9,10.5,8.7,5.1,29.1,21.3,"Clark County, NV",1951269,14.09,29,5.767621994
37,14.1,5.282304281,0.040341048,0.336966401,1.49736478,3.407632052,36.10523793,8.288898856,24.35175495,3.464584119,86.1,26.5,42.6,20.5,29348,53036,13.2,6302.37,66.9,49.5,76.9,2.3,5.2,3.8,22.2,15.1,"Washoe County, NV",421407,12.34,29,8.268735451
40.2,7.9,2.974909912,0.016807401,0.151266606,0.820201151,1.986634755,18.91841015,3.348034206,14.86110364,0.709272307,88.6,31.4,45.1,15.4,30637,68891,8.9,795.63,373.9,50.2,80.1,9.9,3.5,2.6,10.5,10.4,"Dutchess County, NY",297488,6.72,8,6.690347174
40.4,8.2,5.152115251,0.042435585,0.270934889,1.94768454,2.891060237,31.08134575,6.736377089,21.77163127,2.573337396,87.9,28.5,40.5,13.6,26256,46739,13.9,1042.69,881.4,51.8,80,13.5,2.6,1.8,4.5,5.6,"Erie County, NY",919040,8.27,8,9.631670003
34.1,10.2,19.38315966,0.208807442,0.356529724,8.885694894,9.9321276,60.28147083,7.944264782,47.36774863,4.96945742,77.7,28.3,20,17,22959,42932,21.7,70.82,35369.1,52.8,42.8,34.3,10.5,3,19.8,36.6,"Kings County, NY",2504700,6.83,8,33.83007027
38.5,8,3.918886966,0.063142848,0.198832798,1.684704921,1.972206399,29.51592275,5.868254463,21.36646497,2.281203315,88.4,34.4,40.5,10.8,26698,50283,13.4,657.21,1132.6,51.8,76.1,15.2,3.3,2.6,7.3,7.8,"Monroe County, NY",744344,8.2,8,10.95345163
41.1,7.1,1.701340468,0.020902823,0.055243174,0.839845558,0.785348913,13.90634938,1.963372282,10.86424214,1.078734961,89.8,40.3,45.4,13.9,40515,92221,5.5,284.72,4704.8,51.6,73,11.1,7.6,2.4,14.6,19.7,"Nassau County, NY",1339532,3.43,8,8.814849515
38.6,8,3.670031219,0.057812627,0.241956551,1.074886623,2.295375418,24.74808683,5.956841803,17.33094089,1.460304137,88.8,31.5,38.9,15,27038,49886,13.7,778.39,600,51.9,81.1,11,3.1,2.8,4,6.1,"Onondaga County, NY",467026,4.92,8,10.36774398
39.8,7.6,1.729668196,0.028794321,0.074999163,0.652224864,0.973649848,20.75802725,3.140589949,16.21254227,1.404895035,89.3,31.5,46.5,13.4,35062,82984,5.7,912.05,1637.4,50.8,80.8,7.4,3.4,2.4,16.5,13.1,"Suffolk County, NY",1493350,4.62,8,8.109416413
40,7.2,2.52973039,0.027393998,0.079021149,1.145279856,1.278035387,14.95501589,2.492853854,11.57607155,0.886090487,87.2,44.4,35.8,14.9,47204,77057,9.1,430.5,2204.7,51.9,68.1,14.6,5.4,3.2,21.8,23.8,"Westchester County, NY",949113,2.95,8,7.530521655
36,9.6,3.79757151,0.027164317,0.526987749,1.056691929,2.186727515,37.13362128,7.970010594,27.50930378,1.654306902,86.2,24.3,60.6,12.3,25484,53543,13.2,467.06,788.2,51.1,86,7.3,2.4,2.1,4,4.3,"Butler County, OH",368130,7.33,22,5.622646891
40.2,9.5,5.519786395,0.048432884,0.417147741,3.324683116,1.729522655,28.49650268,8.932742348,14.62751207,4.936248264,85.5,27.4,30,10.8,25788,40254,18.9,457.19,2800,52.6,63.6,29.7,2.6,2.1,4.8,6.8,"Cuyahoga County, OH",1280122,9.61,22,11.29042154
33.4,8.5,5.768367924,0.091111161,0.642075822,3.353062624,1.682118317,51.10132764,14.2597562,31.8304576,5.011113843,88.6,35.1,39,13.9,27002,47460,18.4,532.19,2186.1,51.3,69.2,21.2,3.9,3,4.8,8.4,"Franklin County, OH",1163414,15.04,22,12.39031076
37.1,9.4,6.310025001,0.104689334,0.519707767,3.605550529,2.08007737,43.32518252,10.84157762,29.78536194,2.698242964,86.8,31.7,46,12.8,27968,46509,15.2,405.91,1976.7,52,68.8,25.7,2,2.1,2.6,4.2,"Hamilton County, OH",802374,13.34,22,12.31476219
37,11.3,8.532983262,0.040741034,0.337245227,3.22759526,4.927401741,50.98966762,16.32583774,30.90660118,3.757228704,85.9,21.8,33.5,10,23221,40161,18.7,340.86,1296.2,51.6,74,19,1.5,3.1,6.1,3.5,"Lucas County, OH",441815,11.54,22,8.507200978
42.9,11.3,3.806166073,0.133990445,0.200985667,1.490643698,1.980546262,38.72742575,11.71160232,23.80005276,3.215770675,86.5,19.6,35.6,11.3,22390,39339,18.3,411.62,580.2,51.6,79.9,15.7,0.7,2.1,4.7,2.8,"Mahoning County, OH",238823,11.72,22,10.03755082
39.2,11.1,4.807970805,0.07100773,0.444732628,2.212451392,2.079779054,37.66025791,10.22137594,23.80067009,3.638211876,86.7,23.9,46.2,12.1,24642,41611,16.2,461.55,1159.5,52,73.9,20.9,1.7,2.4,2.3,3,"Montgomery County, OH",535153,14.58,22,10.2027906
41.1,11.3,2.78231883,0.031950073,0.388725884,1.28332792,1.078314953,32.07254797,9.001932979,21.19621072,1.874404264,87.2,19.6,46.3,11.9,23660,44363,14.8,575.27,652.9,51.6,88.7,7.6,0.7,2.2,1.6,2,"Stark County, OH",375586,12.78,22,7.632166801
40,9.9,4.09759663,0.040606813,0.459595298,1.68149123,1.915903289,33.51169569,9.33772133,21.83169952,2.342274831,89.3,28.7,40.8,11.7,26613,47042,14.8,412.75,1312.6,51.6,80.6,14.4,2.2,2.1,1.6,3.8,"Summit County, OH",541781,8.12,22,8.32541562
42.8,11.8,3.22378181,0.038038723,0.342348511,1.150671383,1.692723192,31.0966564,8.810719312,19.86096847,2.424968618,85.9,15.8,37.6,11.6,22013,40980,16,618.3,340.1,51.4,89,8.3,0.5,1.8,1.3,1.5,"Trumbull County, OH",210312,13.31,22,8.588183271
32.7,6,3.354773123,0.03909992,0.398819182,0.911028132,2.005825888,36.89077437,9.079001388,24.65640945,3.155363532,90,30.1,62,19.1,25427,51958,11.6,538.77,474.7,50,79.3,4.2,3.8,5.6,7,5.4,"Cleveland County, OK",255755,12.9,34,5.303454478
34.3,6.9,7.33754225,0.077925728,0.474512025,2.053899557,4.73120494,49.55102257,13.64813472,30.61646209,5.286425756,85.3,28.5,58.4,18.9,25270,41279,17.3,708.82,1013.8,51.1,64.6,15.4,3,5.3,15.1,9.2,"Oklahoma County, OK",718633,13.64,34,13.63091731
35.2,7.6,9.108340529,0.097778765,0.512095565,1.905857279,6.59260892,45.70742936,13.02612019,28.31275284,4.368556338,87.7,29.1,62.2,17.5,26226,46143,14.6,570.25,1058.1,51.2,69.2,10.7,2.3,5.8,11,7.4,"Tulsa County, OK",603403,17.24,34,7.181064728
40.6,10.1,1.196833975,0.018617417,0.234047533,0.425540969,0.518628056,26.17874848,3.8538054,20.32756016,1.997382923,91.3,31.5,43.6,16.2,31753,60051,9.4,1870.32,201,50.8,88.2,0.8,3.7,3.2,7.7,8.1,"Clackamas County, OR",375992,9.57,21,6.243233899
40.2,14.4,1.857569437,0,0.342350681,0.323331199,1.191887557,30.03810236,5.743883651,22.71560168,1.57861703,91.9,28.9,49,18.1,28002,51959,11.8,3018.19,52.3,50.6,92.2,0.4,0.9,2.5,7.4,4.7,"Deschutes County, OR",157733,17.12,21,6.028770137
42.1,12.6,2.386740549,0.009842229,0.378925819,0.359241361,1.63873114,27.30234343,3.690835901,22.39599224,1.21551529,88.8,24.5,48.5,20.5,24182,45212,14.9,2783.55,73,51.3,88.7,0.7,1.2,3.5,10.7,5.3,"Jackson County, OR",203206,10.33,21,7.993927345
39,11.1,3.221358202,0.022745689,0.312753223,0.858649759,2.02720953,46.92435637,8.666107502,32.20220918,6.056039691,89.7,27.3,34.9,21.3,23256,40363,17.2,4553.12,77.2,50.8,88.3,1,2.4,4.2,7.4,5.6,"Lane County, OR",351715,12.79,21,7.968187311
35.1,11.2,2.540155707,0.038054767,0.260040909,0.612047505,1.630012526,36.45012447,6.431255649,26.63516578,3.383703046,82,20.6,47.4,21.3,21982,43388,16.4,1182.33,266.7,50.2,78.2,1.1,1.9,3.9,24.3,14.2,"Marion County, OR",315335,8.56,21,12.53925825
35.7,10.1,5.45058436,0.046237492,0.448775658,1.773343814,3.182227396,47.93196017,7.181770461,35.01946054,5.730729165,88.7,36.9,20.6,18,28496,50604,15.1,431.3,1704.9,50.5,76.5,5.6,6.5,4.6,10.9,13.3,"Multnomah County, OR",735334,8.84,21,10.95601047
35.3,9.1,1.566895094,0.001887825,0.288837288,0.471956353,0.804213626,21.91198958,3.394310094,16.90925223,1.608427253,90.1,37.9,37.7,17.5,30020,61022,10,724.23,731.4,50.8,76.6,1.8,8.6,4.3,15.7,16.6,"Washington County, OR",529710,6.61,21,3.602289932
41.3,7.7,5.013291394,0.084195176,0.22152323,1.847389296,2.860183693,23.56565752,4.973237378,16.76301429,1.82940586,91.2,33.5,41.8,9.8,28825,46212,13,730.08,1675.6,52.1,81.5,13.2,2.8,1.8,1.6,4.5,"Allegheny County, PA",1223348,11.04,11,14.38055974
44.4,8.1,2.902561877,0.023455045,0.140730273,0.680196319,2.05818024,23.78927987,3.952175162,18.57639601,1.260708694,89.1,18.9,50.8,10.8,23681,44557,11.5,434.71,392.3,51.8,91.2,6.3,0.4,1.7,1.2,1.9,"Beaver County, PA",170539,12.31,11,9.192988114
39.1,9.2,3.259268621,0.03888762,0.157980955,1.363497164,1.698902883,25.01932229,5.206080079,16.91368407,2.899558139,82.6,21.5,44.7,13.5,25365,53239,12.1,856.51,480.4,50.9,83.2,4.9,1.3,2.5,16.4,6,"Berks County, PA",411442,10.21,11,6.437655854
42,7.9,1.505000408,0.01119554,0.100759857,0.447821588,0.945223423,21.51142985,2.752503403,17.44584957,1.31307687,91.3,34.1,45.1,9.9,35039,75895,4.2,604.31,1034.7,51,89.2,3.6,3.8,1.7,4.3,7.7,"Bucks County, PA",625249,6.88,11,7.128244907
39.3,6.7,1.796001491,0.018040194,0.208464459,0.521161147,1.048335692,15.60476742,2.942556015,11.89249648,0.769714925,92.1,46.9,45,10.4,40763,81380,6.3,750.51,664.7,50.9,85.5,6.1,3.9,1.8,6.5,7.5,"Chester County, PA",498886,7.62,11,10.59496759
39.4,8.3,4.983215218,0.052219321,0.354345394,2.364789258,2.211861246,28.48190974,5.520328236,21.45841104,1.503170459,87.9,26.5,45,12,27402,48792,12.6,525.05,510.6,51.7,72.7,18,3.2,3.1,7,5.2,"Dauphin County, PA",268100,10.07,11,34.79854159
38.7,8.5,5.690732568,0.064403135,0.212888141,1.506317769,3.907123523,24.14223075,3.880288884,18.4425533,1.819388564,89.9,34.4,38.8,10,31819,61848,9.3,183.84,3040.5,52.1,72.5,19.7,4.7,2,3,7.7,"Delaware County, PA",558979,10.02,11,9.925235116
38.6,9.4,3.033154409,0.032078014,0.452656416,1.283120549,1.26529943,24.45413913,6.223134664,17.27579251,0.955211964,88.7,23.5,39.4,12.1,22358,42635,15.7,799.15,351.1,50.8,88.2,7.2,1.1,2.1,3.4,3.6,"Erie County, PA",280566,13.19,11,7.977605982
39.4,9.4,3.09587779,0.054363843,0.168814038,1.670972855,1.201727053,31.45091374,6.07444413,23.25627974,2.120189873,85.8,27,41.6,10.5,27588,52680,12.4,345.17,1012.5,51.6,79.1,6.1,2.9,2.9,18.8,8.3,"Lehigh County, PA",349497,8.58,11,7.663007122
42.5,10,2.91974897,0.046740912,0.19631183,0.573355187,2.10334104,23.34552752,4.097619953,17.94539415,1.302513415,86.6,20,45.2,10.3,23166,39984,13.1,890.33,360.4,51.1,90.7,3.4,1,1.5,6.7,3.2,"Luzerne County, PA",320918,8.41,11,10.0557401
40.6,7.4,1.901549494,0.018752954,0.116268312,0.650102391,1.116425837,20.71451254,2.90545761,16.86140567,0.947649255,92.2,43.7,39.2,9.2,39511,74819,5.5,483.04,1655.9,51.5,81.1,8.7,6.4,1.9,4.3,8.4,"Montgomery County, PA",799874,6,11,8.967676159
40.9,9.1,1.931247586,0.010076074,0.147782424,0.665020908,1.10836818,22.54353704,3.103430903,18.4694443,0.97066183,86.6,25.7,43.2,10.7,28171,57999,8.5,369.67,805.4,51.2,86.3,5,2.4,2.2,10.5,5.9,"Northampton County, PA",297735,9.07,11,8.338485566
33.5,10.9,13.61921251,0.216906093,0.680207024,6.302727512,6.419371877,41.01360021,8.417398097,26.66175624,5.934445867,79.1,22.1,16.3,11,20882,36959,24.5,134.1,11379.5,52.8,41,43.4,6.3,2.8,12.3,11,"Philadelphia County, PA",1526006,19.4,11,15.13713642
45.1,8.3,1.588305689,0.01369229,0.177999775,0.325876512,1.070737111,16.19250265,3.064334596,12.36687671,0.761291347,90.6,23.2,57.8,10.6,25344,47312,10.4,1027.55,355.4,51.3,95.3,2.3,0.7,1.2,0.9,1.6,"Westmoreland County, PA",365169,8.49,11,9.189797053
40.1,8.8,2.487516438,0.045979971,0.218404863,1.149499278,1.073632326,22.33477097,3.756563641,17.3505421,1.227665229,85.9,21,56.3,10.7,26724,56833,8.9,904.18,481.1,50.7,88.5,5.6,1.2,2,5.6,3.2,"York County, PA",434972,10.81,11,8.924894016
37,12.4,3.408508825,0.039893596,0.293616865,1.265424859,1.809573506,31.68987676,6.552124174,20.78615916,4.35159343,79,25.1,31.9,12.8,25136,47432,14.8,409.5,1530.3,51.7,73.4,8.5,3.7,4.2,18.8,17.2,"Providence County, RI",626667,4.95,9,10.45805188
40,8.5,4.378540778,0.049969082,0.45596787,1.205504094,2.667099732,38.10142474,9.631540484,24.80340289,3.666481365,82.6,22.9,61.4,16.1,23960,43845,18.6,1071.03,149.5,51.6,69.6,24.6,0.8,1.9,4.9,3,"Aiken County, SC",160099,17.49,31,21.82776907
39.7,11.4,6.412791381,0.090847878,0.304607591,1.095518528,4.921817385,49.90220493,13.42945395,31.16616611,5.306584868,80,18.2,66,17.4,22110,41399,16.8,715.43,261.6,51.8,80.1,16,0.8,1.5,2.9,2.4,"Anderson County, SC",187126,19.77,31,6.593696226
34.5,10,5.11124981,0.061852308,0.331753288,1.057112172,3.660532042,32.85482139,8.400668005,20.80486721,3.649286168,85.4,16.7,55.9,17.6,21979,49609,15.2,1098.86,161.8,50.1,66.5,25,2.3,2.7,6,4.6,"Berkeley County, SC",177843,11.81,31,10.0497405
35.9,9.1,8.494927315,0.091374008,0.511123358,2.724087616,5.168342333,44.0651154,8.320745612,31.101428,4.642941786,87.5,36.7,45.2,19.8,28963,46145,16.4,916.09,382.3,51.5,64.2,29.8,1.3,1.6,5.4,5,"Charleston County, SC",350209,17.99,31,16.61567236
37.6,11.3,9.336304197,0.09497023,0.496767359,1.862877598,6.881689009,50.66296526,10.43941995,36.1471308,4.076414509,80.6,20.6,51.2,15,21538,39919,18.4,799.96,171.1,53,54.9,41.3,1.2,1.1,2.2,2.4,"Florence County, SC",136885,16.07,31,8.714811703
37.2,9.4,6.967699041,0.066485678,0.321347443,1.613385783,4.966480137,37.3383567,8.800487562,24.65288936,3.884979777,83,29.1,61,18,25390,45917,15.3,785.12,574.7,51.5,73.8,18.1,2,1.9,8.1,7.8,"Greenville County, SC",451225,11.75,31,6.605518311
41.1,11.9,8.002495442,0.063128734,0.371345496,1.719329647,5.848691564,61.92557494,13.23104003,42.63788987,6.056645042,86.4,21,61.7,24.1,24790,41163,15.8,1133.9,237.5,51.1,79.9,13.4,1,2,6.2,6.2,"Horry County, SC",269291,12.25,31,6.394710555
37.9,8.1,3.83778407,0.022866638,0.243910805,0.811765647,2.75924098,27.69530967,5.366037707,19.83680843,2.492463537,87.5,26.7,68.4,18.5,25819,52062,10.6,698.91,375.4,51.2,79.3,14.3,1.4,1.9,5.5,4.2,"Lexington County, SC",262391,10.29,31,5.869149475
32.6,9.6,9.518756632,0.075421842,0.364105445,2.280860537,6.798368808,46.8525685,10.32499012,31.26365395,5.263924433,88.1,36.6,35.1,15.8,25865,45643,16,757.07,507.9,51.3,47.3,45.9,2.2,2.2,4.8,5.1,"Richland County, SC",384504,13.26,31,17.22402108
38,11.4,6.594983592,0.066829167,0.457252196,1.491345623,4.579556606,42.2958281,10.81577309,27.7446563,3.735398706,78.8,19.8,60,19,22230,40278,14.8,807.93,351.9,51.5,72.3,20.6,2,1.7,5.9,5.4,"Spartanburg County, SC",284307,15.83,31,6.424924465
37.2,15.4,7.077359968,0.0442335,0.442334998,0.844859846,5.745931624,31.71099601,7.643548765,21.8336555,2.23379174,84.6,25.3,58.2,16.6,25674,50644,12.4,680.6,332.2,51.7,74.8,19,1.5,1.8,4.5,4,"York County, SC",226073,9.73,31,5.036439557
42.6,9,4.046373571,0.013310439,0.359381863,0.585659333,3.088021936,40.67670274,12.29884598,25.44956009,2.928296663,82.2,21.7,62.3,13.4,23260,43645,17.3,337.16,222.8,51.7,91.9,3.8,1.1,1.9,2.4,2.3,"Anderson County, TN",75129,26.62,20,61.37669874
33.9,8.8,13.59383801,0.12286953,0.480308163,3.84725243,9.14340789,54.29237523,10.39125169,40.15280502,3.748318523,85.1,33.6,38.9,18.2,27797,46249,17.1,504.03,1243.3,51.6,61.4,27.7,3,2.5,9.8,10.7,"Davidson County, TN",626681,13.4,20,15.1131038
39.3,8.4,7.44212588,0.06538609,0.306125785,1.71787091,5.352743095,53.35207735,12.39066406,36.82128496,4.140128335,85,26.9,55.4,15.2,26400,43214,18.1,542.43,620.3,51.9,73.9,20.2,1.8,1.7,4.5,4,"Hamilton County, TN",336463,10.7,20,10.67427028
37.2,7.6,5.915886596,0.080976156,0.38405834,1.818493103,3.632358997,41.92019916,10.14284194,28.17507508,3.602282139,87.7,33,60.7,15.5,26784,45380,14.7,508.22,850.5,51.4,85.6,8.8,1.9,1.9,3.5,3.8,"Knox County, TN",432226,13.65,20,9.088770689
30,9.1,6.487515305,0.034816719,0.429406201,1.253401884,4.769890501,33.2209527,9.464344778,21.7024215,2.05418642,90.3,22.8,53.4,18.2,22308,46523,13.8,539.18,319.6,51,71,19.1,2.1,4.4,8,4.3,"Montgomery County, TN",172331,12.77,20,6.239185057
32.2,8.7,4.645778434,0.034272136,0.270369073,0.799683173,3.541454052,29.50450107,7.688382508,20.08347169,1.732646875,87.5,26.4,58.9,16.5,24789,53983,12.4,619.36,424,50.6,78.2,12.5,3,2.4,6.7,5.9,"Rutherford County, TN",262604,12.19,20,6.255856727
34.6,10,14.84297856,0.156309964,0.455993894,5.317772766,8.912901932,65.9531027,19.12263756,40.56189659,6.268568546,84.7,27.5,36,15.6,25050,41880,20.9,763.17,1215.5,52.3,40.6,52.1,2.3,1.4,5.6,5.5,"Shelby County, TN",927644,17.68,20,11.203867
39.3,8.3,4.586148855,0.00813147,0.325258784,0.512282585,3.740476016,32.14369933,7.472820563,23.22347718,1.447401589,84.1,26.9,66,15.9,23438,39876,17.6,326.47,376.7,51.1,91.6,3.9,1.2,1.7,3,2.7,"Washington County, TN",122979,16.26,20,9.540067816
29.6,7.5,4.280625977,0.051573807,0.431930633,1.153963931,2.643157606,32.559189,9.267168437,21.88341096,1.408609602,88,21.5,54.5,20.4,22002,45796,15.3,1051.02,295.2,50.5,61.4,21.5,2.8,5,21.6,7.7,"Bell County, TX",310235,18.7,19,38.10102019
32.8,7.4,6.199654415,0.080477124,0.317243157,1.732007677,4.069926457,64.76717326,12.96789721,46.67439947,5.124876587,80.5,24.6,46.8,22.8,22557,45315,17.7,1239.82,1383.1,51,72.9,7.5,2.4,3.5,58.7,12.5,"Bexar County, TX",1714773,9.1,19,11.67179679
35.1,9,1.861632489,0.022352363,0.236296405,0.399149333,1.203834388,21.70095093,5.307089531,15.11339034,1.28047106,83.6,25.3,64.3,25.3,27208,66516,10,1357.7,230.7,49.2,70.1,12.1,5.5,2.6,27.7,11.5,"Brazoria County, TX",313166,8.3,19,4.052243858
35,7.5,2.300786997,0.029398945,0.23774799,0.703018249,1.330621813,27.03680364,5.897684002,19.38540866,1.753710978,92.2,47.4,62.3,16.6,37382,77905,7.1,841.23,930,50.9,71.6,8.5,11.2,3,14.7,16.8,"Collin County, TX",782341,5.88,19,4.03276832
32.5,8.8,6.114505947,0.08741041,0.316704383,3.135373388,2.575017767,50.74871027,13.1060719,30.7528401,6.889798276,75.1,27.4,42,30.8,25703,46044,18.7,871.28,2718,50.6,53.5,22.3,5,2.8,38.3,23.3,"Dallas County, TX",2368139,11.82,19,7.61957174
33,7.5,2.136990767,0.018110091,0.252032103,0.750059612,1.11678896,23.84646265,5.193068664,16.65977477,1.993619211,90.2,37.4,61.6,19.9,30960,70724,8.7,878.43,754.3,50.8,75,8.4,6.6,2.9,18.2,13.2,"Denton County, TX",662614,7.55,19,2.779683194
31.3,9.5,4.065462058,0.023730808,0.264785854,0.645727768,3.131217628,28.8654051,3.41723631,21.56131229,3.886856505,69.8,18.8,33.4,33,16285,36078,23.7,1012.69,790.6,51.6,82.1,3.1,1,2.5,82.2,26.6,"El Paso County, TX",800647,4.75,19,11.80250972
35,8,3.423446509,0.027332906,0.211830023,0.831945334,2.352338245,19.15524237,5.150544523,12.33909887,1.665598975,87.5,38.9,50.9,22.8,30541,80548,7.5,861.48,679.5,50.9,50.6,21.5,17,2.9,23.7,23.3,"Fort Bend County, TX",585375,7.69,19,2.28661798
37.2,9.2,4.016353769,0.06865562,0.604169456,1.287292875,2.056235818,35.25466086,9.41611828,23.39783529,2.44070729,85.4,25.6,59.3,21.5,27768,55883,14.7,378.36,769.9,50.5,72.5,13.8,3,2.7,22.4,9.7,"Galveston County, TX",291309,9.96,19,8.389339155
39.5,8.4,2.771412262,0.024818617,0.124093086,0.388825004,2.233675554,28.84750614,7.429039437,20.15271722,1.265749481,84.4,19,68.5,24.1,22778,43229,14.1,932.8,129.6,51.3,83.9,5.9,0.9,2.7,11.3,5.3,"Grayson County, TX",120877,18.2,19,7.185734259
35.3,7.2,7.886305759,0.106793724,0.550398423,2.012650949,5.216462663,55.20414031,12.14162491,38.21572332,4.846792081,83.3,21.4,68.5,25.6,23335,43049,15,273.3,445.4,51.1,67.3,20,1.1,2.3,16.4,7.7,"Gregg County, TX",121730,21.36,19,7.794841042
32.2,8.5,8.348525911,0.093586765,0.309593816,3.273826323,4.671519006,42.85394185,10.48269512,26.92122267,5.450024056,77.3,27.8,48.8,31.3,26498,50577,17.1,1703.48,2402.4,50.2,56.6,18.9,6.2,3.2,40.8,24.4,"Harris County, TX",4092459,12.22,19,6.682431516
28.3,11.8,3.386815941,0.065826072,0.227164484,0.860901766,2.23292362,43.41939339,9.586083078,30.14059675,3.69271357,59.5,15.2,30.3,31.5,13130,30360,35.2,1570.87,493.2,51.3,88,0.6,1,1.3,90.6,28.6,"Hidalgo County, TX",774769,5.03,19,5.546455782
36,10.9,6.215488776,0.067387315,0.503422879,1.942340243,3.70233834,43.13977318,13.54088626,27.11744816,2.481438759,81.4,18,48.6,22.7,21670,41087,19.1,876.3,287.9,48.9,52.2,33.8,3.4,2,17,8.8,"Jefferson County, TX",252273,13.87,19,9.05524967
36.3,8.3,3.054315131,0.013250825,0.265016497,0.284892735,2.491155074,24.3550161,6.088754025,16.42439742,1.841864656,81.5,16.2,73.3,24.8,22846,56088,11.4,724.69,208.3,50,87.2,2.6,0.7,2.1,18.1,6.4,"Johnson County, TX",150934,19.21,19,5.171174156
30.4,6.2,8.090922458,0.028691214,0.383744992,1.118957361,6.55952889,48.94721175,12.84290484,33.66914009,2.435166821,82,26.7,68,26.4,21939,39159,20.1,895.6,311.3,50.6,77.3,7.5,2.1,2.5,31.9,4.6,"Lubbock County, TX",278831,9.68,19,6.786300662
32.7,7.4,6.019429048,0.059598307,0.65132436,1.251564456,4.056941926,45.83961244,11.88560531,31.63393017,2.320076967,79.5,20.4,61.6,26.2,20160,38963,22.8,1037.1,226.5,51.4,69.8,14.8,1.4,2.5,23.6,8.1,"McLennan County, TX",234906,9.37,19,8.594927333
36.1,7.6,2.262225011,0.026330456,0.155788531,0.500278664,1.57982736,22.46207317,6.264454323,14.96008742,1.237531432,85.3,28.7,75.9,25.1,30909,65130,11.2,1041.74,437.5,50.4,83.5,4.3,2.1,2.3,20.8,11.1,"Montgomery County, TX",455746,9.87,19,3.906678281
35.1,7.6,7.060075304,0.055845725,0.617242221,1.496077573,4.890909786,57.26538182,11.85986838,43.26280116,2.14271228,78.2,19.6,51.8,22.8,21979,41009,19.9,838.48,405.8,50.9,81.5,4,1.7,2.4,60.6,7.5,"Nueces County, TX",340223,11.46,19,9.575205086
35.6,7.9,4.591968109,0.052452388,0.391008707,0.71525983,3.433247184,32.60631145,7.395786643,23.23163928,1.97888553,83.6,23.2,69.4,26.5,24130,46127,16.2,921.45,227.6,51.6,70.1,17.9,1.2,2,17.2,8.4,"Smith County, TX",209714,13.35,19,7.146141888
33.4,8.3,4.930808376,0.047539184,0.393027439,1.583718161,2.906523592,43.71393794,10.02468721,30.34050217,3.348748559,83.4,28.3,55.4,26,26957,53757,14.5,863.61,2094.7,51,66.6,14.9,4.7,3,26.7,15.4,"Tarrant County, TX",1809034,10.5,19,10.12282522
31.9,6.9,4.174696807,0.025384031,0.310466227,1.330709015,2.508137535,49.44125842,9.749420561,36.90252337,2.789314494,85.7,43.1,34.4,25,31758,53434,16,990.2,1034.4,49.6,69.3,8.5,5.8,3.3,33.5,18,"Travis County, TX",1024266,8.79,19,15.97189207
33.9,8,4.631178707,0.030418251,0.3878327,1.604562738,2.608365019,57.27756654,13.12547529,39.94676806,4.205323194,83,20.9,69,22.5,22529,41862,15.4,627.78,209.5,48.7,77.1,10.5,2,2.9,16.6,5.7,"Wichita County, TX",131500,15.21,19,11.30674525
34.2,7.4,1.398224184,0.009463446,0.191634787,0.246049603,0.951076349,18.54835466,3.586646131,14.13602284,0.825685686,90.3,35.9,55.8,18.7,28536,69862,5.5,1118.3,378,50.8,78.1,6.2,4.8,3.2,23.2,10.1,"Williamson County, TX",422679,7.1,19,4.844697749
29.2,7.1,0.998437087,0.006525733,0.270817903,0.20229771,0.518795741,21.98845598,3.905650958,17.23119692,0.851608104,94.9,32.7,69.7,10.5,25001,66220,7,298.78,1025.8,49.8,90,1.2,1.8,2.7,8.4,4.4,"Davis County, UT",306479,8.16,33,9.672548527
30.8,7.4,3.708038129,0.022337579,0.409846016,0.997421466,2.278433067,49.32720183,7.30730196,36.961895,5.058004866,89,29.6,48.6,16.9,24911,56954,10.7,742.28,1387.1,49.7,81.2,1.6,3.3,3.1,17.1,11.7,"Salt Lake County, UT",1029655,11.65,33,8.633304359
24.6,7.7,0.894371269,0.005807606,0.255534648,0.127767324,0.505261691,23.07361721,3.378090614,18.69468256,1.000844039,92.9,34.7,77.7,15.1,19125,57471,14.2,2003.45,257.8,49.9,89.4,0.5,1.4,2.7,10.8,6.6,"Utah County, UT",516564,6,33,4.890207215
32.5,10.1,1.962133005,0.014480686,0.246171669,0.231690982,1.469789668,23.4514716,5.024798175,17.11617131,1.310502118,90.5,22.9,75.3,17.9,21501,46596,14.2,2426.36,56.9,50.6,89.7,0.6,0.7,2.3,9.8,5.6,"Washington County, UT",138115,15.93,33,7.696578938
30.7,8.6,2.404469892,0.030272103,0.376238994,0.774100919,1.223857877,33.80961442,5.150582089,26.51403761,2.144994724,88.6,21.9,62.5,14.8,22326,53094,12.5,576.08,401.4,49.8,85.2,1.4,1.3,3,16.7,7.9,"Weber County, UT",231236,12.54,33,9.149669602
37.6,6.9,1.973209881,0.034784149,0.211867087,1.018226894,0.708331752,22.96386243,4.999430805,16.46238885,1.502042778,89.9,36.1,53.3,14.1,31789,70055,6.1,423.3,747.1,51.8,68.3,21.9,3.3,2.6,7.2,7.1,"Chesterfield County, VA",316236,8.85,16,4.120571345
37.3,4.9,0.738634368,0.016640073,0.061013602,0.329103673,0.331877019,17.97775037,1.365410464,15.56678863,1.045551276,92.1,58.4,38.9,15.1,48140,102325,5.6,390.97,2766.8,50.6,62.7,9.2,17.5,4.1,15.6,27.1,"Fairfax County, VA",1081726,4.71,16,28.87805322
37.5,6.9,1.918973072,0.058644338,0.114030658,1.071888185,0.674409891,29.92164465,4.883770179,23.17428772,1.863586753,89.2,39,43.5,13.4,32822,57318,10,233.7,1313.4,53,59.2,29.5,6.5,2.3,4.9,10,"Henrico County, VA",306935,8.8,16,4.094479287
33.5,5.8,1.47014194,0.029850598,0.079601594,0.6592007,0.701489047,19.38796324,2.788543341,14.95017438,1.649245526,88.7,37.7,41.6,15.1,35681,88823,6,336.4,1195,50.3,57.8,20.2,7.5,5.1,20.3,19.7,"Prince William County, VA",402002,6.47,16,11.011189
37,6.9,4.563271515,0.054003213,0.315018744,1.705601483,2.488648075,31.86189578,5.724340598,24.11243469,2.025120495,88.7,27.6,48.9,12.6,28890,63532,7.3,340.8,652,51.4,62.6,29.8,2.9,3,4.4,4,"Chesapeake city, VA",222209,10.35,16,7.870446292
35.5,8.4,3.499810821,0.058208912,0.269216217,1.564364504,1.608021188,38.24325504,5.733577811,29.59195553,2.917721703,88,21.2,30.1,13.2,23738,46175,14.8,51.41,2673.2,52.2,42.7,49.6,2.2,3.7,4.5,5,"Hampton city, VA",137436,15.28,16,23.28584214
32.3,7.8,6.872547989,0.08853524,0.420542389,2.833127673,3.530342687,41.40129151,8.106507893,30.4893232,2.805460411,88.4,22.9,35.3,13.3,23454,48285,13.5,68.71,2630,51.7,49,40.7,2.7,4.3,7.5,6.4,"Newport News city, VA",180719,15.49,16,31.53392283
29.7,9.2,8.253604774,0.123556958,0.395382265,4.402746259,3.331919293,52.77117663,8.051795077,40.00362434,4.715757219,83.6,23.4,28.1,15,23294,41161,18.4,54.12,4486.4,48.2,47.1,43.1,3.3,3.6,6.6,6.2,"Norfolk city, VA",242803,16.89,16,25.8873037
32,10.1,7.903473807,0.146904718,0.254634844,3.844006777,3.657927468,44.39950248,8.980775069,30.21340359,5.205323827,80,32.5,20,14.7,26022,37115,23.3,59.81,3414.7,52.3,40.8,50.6,2.3,2.3,6.3,6.1,"Richmond city, VA",204214,20.08,16,30.7386663
34.9,6.4,2.383594296,0.031963908,0.16666895,1.207779102,0.977182336,28.89993927,4.40416992,23.0208633,1.474906049,92.2,31.6,49.8,14.4,30415,59174,6.8,249.02,1758.9,51,67.7,19.6,6.1,4,6.6,8.6,"Virginia Beach city, VA",437994,10.96,16,12.63674388
36.7,13.7,2.308616405,0.004701866,0.481941307,0.554820236,1.267152996,28.09835364,4.393894156,19.12954347,4.574916013,90.7,25.5,46.1,12.7,27382,56351,11.8,629,676.2,50.6,85.4,2,4.1,4,7.6,9.9,"Clark County, WA",425363,8.93,14,5.720325933
37.1,8.8,3.52414422,0.034692575,0.297216982,1.51611729,1.676117373,41.50474641,8.500198576,27.79444805,5.210099785,91.8,44.8,28.2,11.7,37797,67706,9.8,2115.57,912.9,50.2,68.7,6.2,14.6,5,8.9,19,"King County, WA",1931249,6.16,14,9.399602537
39.4,7.9,4.392095025,0.019909769,0.776480988,0.445978824,3.149725444,25.504414,6.673754544,17.58430792,1.246351535,92.3,28.1,42.9,12.4,29659,60673,8.4,394.94,635.9,49.4,82.6,2.6,4.9,5.8,6.2,6.3,"Kitsap County, WA",251133,9.16,14,15.94527203
35.9,9.9,5.267691534,0.041497689,0.448929548,1.38954384,3.387720456,44.17491905,9.064101355,28.2963941,6.814423591,89.7,23.3,43,12,27265,55941,12.3,1669.51,476.3,50.6,74.2,6.8,6,6.8,9.2,8.8,"Pierce County, WA",795225,9.93,14,15.01991386
37.1,10.3,2.464480223,0.008411195,0.3574758,0.766820638,1.331772589,32.06908395,6.825684987,20.84714755,4.396251411,90.5,27.9,39.6,11.5,30483,64677,9.7,2087.27,341.8,50,78.4,2.5,8.9,4.6,9,12.7,"Snohomish County, WA",713335,8.41,14,5.260807335
36.8,9.6,4.068154857,0.040320784,0.288611925,1.186279898,2.55294225,37.33280138,7.754323343,24.84396918,4.734508861,91.5,27.2,49.3,13.1,24662,44799,14.8,1763.79,267.2,50.6,89.2,1.7,2.1,3.8,4.5,4.8,"Spokane County, WA",471221,9.34,14,8.646845111
32.2,9.7,3.182160169,0.078115043,0.407020487,0.994938967,1.702085672,49.89906714,12.47373896,30.0249557,7.400372485,71.1,15.7,54.4,18.6,18562,41055,22,4295.4,56.6,50,63.7,1,1.1,3.7,45,17.2,"Yakima County, WA",243231,14.8,14,7.494669676
34.4,5.6,2.538554683,0.02663536,0.188496393,0.921993226,1.401429704,29.21489203,6.095399664,21.63405884,1.485433531,93.9,44.4,25.8,10.9,31846,58002,13.1,1197.24,407.7,50.5,84.7,5.2,4.7,2.5,5.9,6.9,"Dane County, WI",488073,4.3,17,13.12905447
33.6,9.6,8.548803199,0.078080898,0.270117702,3.791144149,4.40946045,52.72887463,8.607891446,36.54608092,7.574902267,84.7,26.8,31.4,10.4,23670,42012,20.6,241.4,3926,51.7,60.6,26.8,3.4,3,13.3,8.3,"Milwaukee County, WI",947735,13.29,17,9.621236949
42,7.4,0.605297378,0,0.107722415,0.143629886,0.353945077,15.63257423,2.218568779,12.89591193,0.518093518,94.7,38.4,62.3,6.9,36553,72982,4.9,549.57,709.4,50.9,93.3,1.3,2.7,1.3,4.1,4.3,"Waukesha County, WI",389891,5.9,17,5.53446989
42.4,7.8,5.065703941,0.05697622,0.253803163,1.035931276,3.718993282,35.88983907,8.23047399,24.86753029,2.79183479,85.9,23,49.6,14.2,24816,41747,14.4,901.59,214.1,52,89.1,7.3,1,2,0.9,1.6,"Kanawha County, WV",193063,20.72,26,18.21637497